action,prob,quality_score
STANDING,0.9994974,0.9995
STANDING,0.89133483,0.8968
STANDING,0.9825252,0.9834
STANDING,0.99583507,0.996
STANDING,0.99956065,0.9996
STANDING,0.99736255,0.9975
STANDING,0.97631663,0.9775
STANDING,0.57978016,0.6008
STANDING,0.8828278,0.8887
STANDING,0.9863805,0.9871
STANDING,0.999469,0.9995
STANDING,0.9984775,0.9986
STANDING,0.998979,0.999
STANDING,0.9954595,0.9957
STANDING,0.9974552,0.9976
STANDING,0.9995796,0.9996
STANDING,0.9999095,0.9999
STANDING,0.99985397,0.9999
STANDING,0.9996706,0.9997
STANDING,0.9958734,0.9961
STANDING,0.99870217,0.9988
STANDING,0.99853694,0.9986
STANDING,0.9990797,0.9991
STANDING,0.9992812,0.9993
STANDING,0.9993517,0.9994
STANDING,0.9997987,0.9998
STANDING,0.9999615,1.0
STANDING,0.9998504,0.9999
STANDING,0.99987733,0.9999
STANDING,0.99935883,0.9994
STANDING,0.9960806,0.9963
SITTING,0.8714696,0.8779
SITTING,0.9451771,0.9479
SITTING,0.9907499,0.9912
SITTING,0.9928389,0.9932
SITTING,0.9942924,0.9946
SITTING,0.9653333,0.9671
SITTING,0.9944014,0.9947
SITTING,0.5334177,0.5567
SITTING,0.9815123,0.9824
SITTING,0.99443865,0.9947
SITTING,0.81649655,0.8257
STANDING,0.96864355,0.9702
STANDING,0.68652,0.7022
SITTING,0.9982444,0.9983
SITTING,0.901922,0.9068
SITTING,0.50310034,0.5279
SITTING,0.9852335,0.986
SITTING,0.9877765,0.9884
SITTING,0.92731535,0.9309
STANDING,0.7706229,0.7821
SITTING,0.96302205,0.9649
SITTING,0.79223865,0.8026
SITTING,0.94459724,0.9474
SITTING,0.8787036,0.8848
LAYING,0.9999778,1.0
LAYING,0.99995494,1.0
LAYING,0.99988663,0.9999
LAYING,0.9999634,1.0
LAYING,0.99996376,1.0
LAYING,0.9998945,0.9999
LAYING,0.9998129,0.9998
LAYING,0.99995065,1.0
LAYING,0.99993455,0.9999
LAYING,0.9998535,0.9999
LAYING,0.99994993,1.0
LAYING,0.99998784,1.0
LAYING,0.9999149,0.9999
LAYING,0.9996263,0.9996
LAYING,0.999811,0.9998
LAYING,0.99972135,0.9997
LAYING,0.9995034,0.9995
LAYING,0.99982786,0.9998
LAYING,0.99977297,0.9998
LAYING,0.99970895,0.9997
LAYING,0.9997987,0.9998
LAYING,0.9998042,0.9998
LAYING,0.9998969,0.9999
LAYING,0.9998944,0.9999
WALKING,0.9994592,0.9995
WALKING,0.9994055,0.9994
WALKING,0.9994677,0.9995
WALKING,0.9993772,0.9994
WALKING,0.99974805,0.9998
WALKING,0.9995741,0.9996
WALKING,0.9994911,0.9995
WALKING,0.99959236,0.9996
WALKING,0.99968326,0.9997
WALKING,0.9997725,0.9998
WALKING,0.99974674,0.9998
WALKING,0.999816,0.9998
WALKING,0.9998841,0.9999
WALKING,0.9988299,0.9989
WALKING,0.9995646,0.9996
WALKING,0.9991547,0.9992
WALKING,0.99965024,0.9997
WALKING,0.9997712,0.9998
WALKING,0.99954057,0.9996
WALKING,0.9997441,0.9998
WALKING,0.99970335,0.9997
WALKING,0.9996499,0.9997
WALKING,0.99951816,0.9995
WALKING,0.99968123,0.9997
WALKING,0.99936,0.9994
WALKING,0.99957114,0.9996
WALKING,0.99932337,0.9994
WALKING,0.9997327,0.9997
WALKING,0.9998851,0.9999
WALKING,0.99981564,0.9998
WALKING_DOWNSTAIRS,0.9992378,0.9993
WALKING_DOWNSTAIRS,0.9969086,0.9971
WALKING_DOWNSTAIRS,0.9997943,0.9998
WALKING_DOWNSTAIRS,0.99965215,0.9997
WALKING_DOWNSTAIRS,0.99797076,0.9981
WALKING_DOWNSTAIRS,0.9999722,1.0
WALKING_DOWNSTAIRS,0.99998,1.0
WALKING_DOWNSTAIRS,0.9995067,0.9995
WALKING_DOWNSTAIRS,0.9693355,0.9709
WALKING_DOWNSTAIRS,0.99729747,0.9974
WALKING_DOWNSTAIRS,0.9988105,0.9989
WALKING_DOWNSTAIRS,0.99815446,0.9982
WALKING_DOWNSTAIRS,0.98268855,0.9836
WALKING_DOWNSTAIRS,0.99979836,0.9998
WALKING_DOWNSTAIRS,0.9998671,0.9999
WALKING_DOWNSTAIRS,0.99942446,0.9995
WALKING_DOWNSTAIRS,0.9999658,1.0
WALKING_DOWNSTAIRS,0.97929126,0.9803
WALKING_DOWNSTAIRS,0.9878714,0.9885
WALKING_DOWNSTAIRS,0.9556432,0.9579
WALKING_DOWNSTAIRS,0.98279,0.9837
WALKING_DOWNSTAIRS,0.9999466,0.9999
WALKING_DOWNSTAIRS,0.9541293,0.9564
WALKING_DOWNSTAIRS,0.98929226,0.9898
WALKING_UPSTAIRS,0.99984384,0.9999
WALKING_UPSTAIRS,0.9997588,0.9998
WALKING_UPSTAIRS,0.9997452,0.9998
WALKING_UPSTAIRS,0.9993387,0.9994
WALKING_UPSTAIRS,0.9997794,0.9998
WALKING_UPSTAIRS,0.9997441,0.9998
WALKING_UPSTAIRS,0.99988985,0.9999
WALKING_UPSTAIRS,0.999948,1.0
WALKING_UPSTAIRS,0.9999291,0.9999
WALKING_UPSTAIRS,0.99936634,0.9994
WALKING_UPSTAIRS,0.9994154,0.9994
WALKING_UPSTAIRS,0.9999217,0.9999
WALKING_UPSTAIRS,0.9999192,0.9999
WALKING_UPSTAIRS,0.9998568,0.9999
WALKING_UPSTAIRS,0.9998591,0.9999
WALKING_UPSTAIRS,0.99956745,0.9996
WALKING_UPSTAIRS,0.9996922,0.9997
WALKING_UPSTAIRS,0.999699,0.9997
WALKING_UPSTAIRS,0.9998185,0.9998
WALKING_UPSTAIRS,0.99954635,0.9996
WALKING_UPSTAIRS,0.99992454,0.9999
WALKING_UPSTAIRS,0.99985373,0.9999
WALKING_UPSTAIRS,0.99977595,0.9998
WALKING_UPSTAIRS,0.98992926,0.9904
WALKING_UPSTAIRS,0.9977126,0.9978
STANDING,0.9993667,0.9994
STANDING,0.99941075,0.9994
STANDING,0.99968684,0.9997
STANDING,0.997131,0.9973
STANDING,0.9971969,0.9973
STANDING,0.99274313,0.9931
STANDING,0.9997445,0.9998
STANDING,0.9992924,0.9993
STANDING,0.98993254,0.9904
STANDING,0.9188003,0.9229
STANDING,0.99815035,0.9982
STANDING,0.9997912,0.9998
STANDING,0.99990284,0.9999
STANDING,0.9999429,0.9999
STANDING,0.9999075,0.9999
STANDING,0.99900335,0.9991
STANDING,0.99567974,0.9959
STANDING,0.99672467,0.9969
STANDING,0.9996743,0.9997
STANDING,0.99934334,0.9994
STANDING,0.99899584,0.999
STANDING,0.99895084,0.999
STANDING,0.99626523,0.9965
SITTING,0.73590523,0.7491
STANDING,0.9431255,0.946
SITTING,0.98173296,0.9826
SITTING,0.99893147,0.999
SITTING,0.9964946,0.9967
SITTING,0.99895453,0.999
SITTING,0.9921221,0.9925
SITTING,0.9854122,0.9861
SITTING,0.9887045,0.9893
SITTING,0.99861646,0.9987
SITTING,0.9960437,0.9962
SITTING,0.9978908,0.998
SITTING,0.9971528,0.9973
SITTING,0.9970145,0.9972
SITTING,0.9850395,0.9858
SITTING,0.98913926,0.9897
SITTING,0.5114971,0.5359
SITTING,0.49882403,0.5239
SITTING,0.93220574,0.9356
SITTING,0.9963948,0.9966
SITTING,0.998565,0.9986
SITTING,0.9659178,0.9676
LAYING,0.9997267,0.9997
LAYING,0.99953544,0.9996
LAYING,0.9997614,0.9998
LAYING,0.99983335,0.9998
LAYING,0.99984884,0.9999
LAYING,0.99980277,0.9998
LAYING,0.9999273,0.9999
LAYING,0.9999037,0.9999
LAYING,0.9998963,0.9999
LAYING,0.9999187,0.9999
LAYING,0.99991345,0.9999
LAYING,0.9999659,1.0
LAYING,0.9997651,0.9998
LAYING,0.9994443,0.9995
LAYING,0.99986744,0.9999
LAYING,0.9999287,0.9999
LAYING,0.99985886,0.9999
LAYING,0.99981445,0.9998
LAYING,0.9998355,0.9998
LAYING,0.9998878,0.9999
LAYING,0.9997445,0.9998
LAYING,0.9998141,0.9998
LAYING,0.99983513,0.9998
LAYING,0.99869776,0.9988
WALKING,0.99819237,0.9983
WALKING,0.99933404,0.9994
WALKING,0.9990128,0.9991
WALKING,0.99943906,0.9995
WALKING,0.99948585,0.9995
WALKING,0.9995828,0.9996
WALKING,0.99951327,0.9995
WALKING,0.99915993,0.9992
WALKING,0.9990747,0.9991
WALKING,0.99944633,0.9995
WALKING,0.99986947,0.9999
WALKING,0.9994797,0.9995
WALKING,0.9996964,0.9997
WALKING,0.99973696,0.9998
WALKING,0.9992042,0.9992
WALKING,0.99972636,0.9997
WALKING,0.9993843,0.9994
WALKING,0.99962914,0.9996
WALKING,0.99986076,0.9999
WALKING,0.9994837,0.9995
WALKING,0.9997632,0.9998
WALKING,0.99950814,0.9995
WALKING,0.99966764,0.9997
WALKING,0.9999422,0.9999
WALKING,0.99983215,0.9998
WALKING,0.99967206,0.9997
WALKING,0.99980396,0.9998
WALKING,0.9996766,0.9997
WALKING,0.9980274,0.9981
WALKING_DOWNSTAIRS,0.9990062,0.9991
WALKING_DOWNSTAIRS,0.9994475,0.9995
WALKING_DOWNSTAIRS,0.9998988,0.9999
WALKING_DOWNSTAIRS,0.9999846,1.0
WALKING_DOWNSTAIRS,0.9997993,0.9998
WALKING_DOWNSTAIRS,0.99959487,0.9996
WALKING_DOWNSTAIRS,0.99550915,0.9957
WALKING_DOWNSTAIRS,0.9719419,0.9733
WALKING_DOWNSTAIRS,0.99659157,0.9968
WALKING_DOWNSTAIRS,0.9987532,0.9988
WALKING_DOWNSTAIRS,0.9999683,1.0
WALKING_DOWNSTAIRS,0.99996185,1.0
WALKING_DOWNSTAIRS,0.9999913,1.0
WALKING_DOWNSTAIRS,0.9995901,0.9996
WALKING_DOWNSTAIRS,0.9950782,0.9953
WALKING_DOWNSTAIRS,0.99868256,0.9987
WALKING_DOWNSTAIRS,0.9996531,0.9997
WALKING_DOWNSTAIRS,0.9996113,0.9996
WALKING_DOWNSTAIRS,0.99969196,0.9997
WALKING_DOWNSTAIRS,0.9995459,0.9996
WALKING_DOWNSTAIRS,0.9999516,1.0
WALKING_DOWNSTAIRS,0.98969615,0.9902
WALKING_DOWNSTAIRS,0.9956434,0.9959
WALKING_UPSTAIRS,0.9960502,0.9962
WALKING_UPSTAIRS,0.99722016,0.9974
WALKING_UPSTAIRS,0.99970466,0.9997
WALKING_UPSTAIRS,0.99995506,1.0
WALKING_UPSTAIRS,0.9998435,0.9999
WALKING_UPSTAIRS,0.9998375,0.9998
WALKING_UPSTAIRS,0.9996358,0.9997
WALKING_UPSTAIRS,0.9984701,0.9985
WALKING_UPSTAIRS,0.991924,0.9923
WALKING_UPSTAIRS,0.98619163,0.9869
WALKING_UPSTAIRS,0.99773777,0.9979
WALKING_UPSTAIRS,0.999853,0.9999
WALKING_UPSTAIRS,0.99971503,0.9997
WALKING_UPSTAIRS,0.99965477,0.9997
WALKING_UPSTAIRS,0.989431,0.99
WALKING_UPSTAIRS,0.98781073,0.9884
WALKING_UPSTAIRS,0.99082583,0.9913
WALKING_UPSTAIRS,0.99149406,0.9919
WALKING_UPSTAIRS,0.9970011,0.9972
WALKING_UPSTAIRS,0.99972874,0.9997
WALKING_UPSTAIRS,0.99991596,0.9999
WALKING_UPSTAIRS,0.97019076,0.9717
WALKING_UPSTAIRS,0.9039907,0.9088
STANDING,0.995155,0.9954
STANDING,0.9972759,0.9974
STANDING,0.995427,0.9957
SITTING,0.6935508,0.7089
STANDING,0.99673635,0.9969
STANDING,0.9990963,0.9991
STANDING,0.99918073,0.9992
STANDING,0.9862092,0.9869
STANDING,0.86036116,0.8673
STANDING,0.9297629,0.9333
STANDING,0.9206632,0.9246
SITTING,0.8594025,0.8664
STANDING,0.99417615,0.9945
STANDING,0.99618065,0.9964
STANDING,0.9787475,0.9798
STANDING,0.98923886,0.9898
STANDING,0.98818225,0.9888
STANDING,0.9994442,0.9995
STANDING,0.948834,0.9514
STANDING,0.9600248,0.962
STANDING,0.9901093,0.9906
STANDING,0.8448284,0.8526
STANDING,0.9725772,0.9739
STANDING,0.997993,0.9981
STANDING,0.9977155,0.9978
SITTING,0.58814716,0.6087
STANDING,0.8084771,0.8181
STANDING,0.99740857,0.9975
SITTING,0.999689,0.9997
SITTING,0.99977225,0.9998
SITTING,0.99983037,0.9998
SITTING,0.99983156,0.9998
SITTING,0.9996904,0.9997
SITTING,0.9994091,0.9994
SITTING,0.9993882,0.9994
SITTING,0.99947447,0.9995
SITTING,0.99933404,0.9994
SITTING,0.99973625,0.9997
SITTING,0.999801,0.9998
SITTING,0.99871135,0.9988
SITTING,0.9965648,0.9967
SITTING,0.98631084,0.987
SITTING,0.98593664,0.9866
SITTING,0.97936374,0.9804
SITTING,0.8372242,0.8454
SITTING,0.85330486,0.8606
SITTING,0.7739119,0.7852
SITTING,0.9970415,0.9972
SITTING,0.99827087,0.9984
SITTING,0.9984798,0.9986
SITTING,0.9991351,0.9992
SITTING,0.9991903,0.9992
LAYING,0.99955887,0.9996
LAYING,0.99978906,0.9998
LAYING,0.9998306,0.9998
LAYING,0.9993911,0.9994
LAYING,0.9992617,0.9993
LAYING,0.9997993,0.9998
LAYING,0.99974364,0.9998
LAYING,0.99931943,0.9994
LAYING,0.9996612,0.9997
LAYING,0.9996898,0.9997
LAYING,0.99961436,0.9996
LAYING,0.99965775,0.9997
LAYING,0.9989279,0.999
LAYING,0.99888116,0.9989
LAYING,0.99983203,0.9998
LAYING,0.99945194,0.9995
LAYING,0.99866295,0.9987
LAYING,0.99968815,0.9997
LAYING,0.9995042,0.9995
LAYING,0.999318,0.9994
LAYING,0.9991756,0.9992
LAYING,0.9996227,0.9996
LAYING,0.99974793,0.9998
LAYING,0.9997613,0.9998
LAYING,0.99990845,0.9999
LAYING,0.99957055,0.9996
LAYING,0.9991399,0.9992
LAYING,0.999597,0.9996
LAYING,0.99957806,0.9996
LAYING,0.9995414,0.9996
WALKING,0.9994367,0.9995
WALKING,0.99986315,0.9999
WALKING,0.99979824,0.9998
WALKING,0.99985623,0.9999
WALKING,0.999882,0.9999
WALKING,0.99986947,0.9999
WALKING,0.9996865,0.9997
WALKING,0.9997242,0.9997
WALKING,0.9998702,0.9999
WALKING,0.9999342,0.9999
WALKING,0.99987197,0.9999
WALKING,0.9997447,0.9998
WALKING,0.99986553,0.9999
WALKING,0.9999448,0.9999
WALKING,0.999887,0.9999
WALKING,0.9999225,0.9999
WALKING,0.9997068,0.9997
WALKING,0.9999001,0.9999
WALKING,0.99988663,0.9999
WALKING,0.9998839,0.9999
WALKING,0.9998567,0.9999
WALKING,0.999828,0.9998
WALKING,0.9999169,0.9999
WALKING,0.99992335,0.9999
WALKING,0.99986565,0.9999
WALKING,0.9999201,0.9999
WALKING,0.9999691,1.0
WALKING,0.99995005,1.0
WALKING,0.99986947,0.9999
WALKING,0.99985254,0.9999
WALKING,0.9999194,0.9999
WALKING_DOWNSTAIRS,0.9988771,0.9989
WALKING_DOWNSTAIRS,0.9998611,0.9999
WALKING_DOWNSTAIRS,0.99974865,0.9998
WALKING_DOWNSTAIRS,0.9998987,0.9999
WALKING_DOWNSTAIRS,0.99987614,0.9999
WALKING_DOWNSTAIRS,0.8000138,0.81
WALKING_DOWNSTAIRS,0.99860555,0.9987
WALKING_DOWNSTAIRS,0.9996437,0.9997
WALKING_DOWNSTAIRS,0.8444719,0.8522
WALKING_DOWNSTAIRS,0.66716367,0.6838
WALKING_DOWNSTAIRS,0.9909148,0.9914
WALKING_DOWNSTAIRS,0.99764925,0.9978
WALKING_DOWNSTAIRS,0.99855715,0.9986
WALKING_DOWNSTAIRS,0.9992803,0.9993
WALKING_DOWNSTAIRS,0.99798274,0.9981
WALKING_DOWNSTAIRS,0.9999441,0.9999
WALKING_DOWNSTAIRS,0.999453,0.9995
WALKING_DOWNSTAIRS,0.99934393,0.9994
WALKING_DOWNSTAIRS,0.99766856,0.9978
WALKING_DOWNSTAIRS,0.99230534,0.9927
WALKING_DOWNSTAIRS,0.99756205,0.9977
WALKING_DOWNSTAIRS,0.9984047,0.9985
WALKING_DOWNSTAIRS,0.99591595,0.9961
WALKING_UPSTAIRS,0.99512607,0.9954
WALKING_UPSTAIRS,0.98460704,0.9854
WALKING_UPSTAIRS,0.994093,0.9944
WALKING_UPSTAIRS,0.84913594,0.8567
WALKING_UPSTAIRS,0.95255953,0.9549
WALKING_UPSTAIRS,0.80837697,0.818
WALKING_UPSTAIRS,0.9198233,0.9238
WALKING_UPSTAIRS,0.9963085,0.9965
WALKING_UPSTAIRS,0.99465996,0.9949
WALKING_UPSTAIRS,0.9945281,0.9948
WALKING_UPSTAIRS,0.5357168,0.5589
WALKING_UPSTAIRS,0.9954353,0.9957
WALKING_UPSTAIRS,0.98777115,0.9884
WALKING_UPSTAIRS,0.9707968,0.9723
WALKING_UPSTAIRS,0.8135301,0.8229
WALKING_UPSTAIRS,0.99873906,0.9988
WALKING_UPSTAIRS,0.9847387,0.9855
WALKING_UPSTAIRS,0.9872881,0.9879
WALKING_UPSTAIRS,0.9264508,0.9301
WALKING_UPSTAIRS,0.93592405,0.9391
WALKING_UPSTAIRS,0.9862314,0.9869
WALKING_UPSTAIRS,0.96365243,0.9655
WALKING_UPSTAIRS,0.91176754,0.9162
WALKING_UPSTAIRS,0.83706945,0.8452
WALKING_UPSTAIRS,0.99191964,0.9923
WALKING_UPSTAIRS,0.9979717,0.9981
WALKING_UPSTAIRS,0.9693412,0.9709
WALKING_UPSTAIRS,0.7674462,0.7791
STANDING,0.775861,0.7871
STANDING,0.9905301,0.991
STANDING,0.9776593,0.9788
STANDING,0.97882515,0.9799
STANDING,0.99439263,0.9947
STANDING,0.99646217,0.9966
STANDING,0.99766064,0.9978
STANDING,0.9965262,0.9967
STANDING,0.994793,0.9951
STANDING,0.9858683,0.9866
STANDING,0.970565,0.972
STANDING,0.99642193,0.9966
STANDING,0.99875,0.9988
STANDING,0.9283483,0.9319
STANDING,0.75146836,0.7639
STANDING,0.9448362,0.9476
STANDING,0.9988386,0.9989
SITTING,0.6683093,0.6849
STANDING,0.8870562,0.8927
STANDING,0.9986834,0.9987
STANDING,0.9961933,0.9964
STANDING,0.99474573,0.995
STANDING,0.99308866,0.9934
SITTING,0.57247895,0.5939
SITTING,0.9822113,0.9831
SITTING,0.8385306,0.8466
SITTING,0.6960843,0.7113
STANDING,0.97964007,0.9807
SITTING,0.99994516,0.9999
SITTING,0.9997775,0.9998
SITTING,0.9996057,0.9996
SITTING,0.9994061,0.9994
SITTING,0.9775384,0.9787
SITTING,0.9995351,0.9996
SITTING,0.9995466,0.9996
SITTING,0.9934301,0.9938
SITTING,0.9943613,0.9946
SITTING,0.99791425,0.998
SITTING,0.99960405,0.9996
SITTING,0.9990048,0.9991
SITTING,0.99958545,0.9996
SITTING,0.9990225,0.9991
STANDING,0.8150775,0.8243
SITTING,0.9981342,0.9982
SITTING,0.5789431,0.6
STANDING,0.91777444,0.9219
SITTING,0.5244598,0.5482
SITTING,0.68165463,0.6976
STANDING,0.74012506,0.7531
SITTING,0.8744948,0.8808
SITTING,0.99494153,0.9952
SITTING,0.9997317,0.9997
SITTING,0.99985325,0.9999
SITTING,0.99793327,0.998
LAYING,0.9970656,0.9972
LAYING,0.99972636,0.9997
LAYING,0.99986553,0.9999
LAYING,0.99991596,0.9999
LAYING,0.9996588,0.9997
LAYING,0.999795,0.9998
LAYING,0.99991775,0.9999
LAYING,0.99933225,0.9994
LAYING,0.9993692,0.9994
LAYING,0.99898213,0.999
LAYING,0.99860364,0.9987
LAYING,0.99916804,0.9992
LAYING,0.9998628,0.9999
LAYING,0.9999038,0.9999
LAYING,0.9997993,0.9998
LAYING,0.99932826,0.9994
LAYING,0.99952185,0.9995
LAYING,0.9997073,0.9997
LAYING,0.99942255,0.9995
LAYING,0.9997615,0.9998
LAYING,0.99966395,0.9997
LAYING,0.9990069,0.9991
LAYING,0.99932146,0.9994
LAYING,0.9996675,0.9997
WALKING,0.99960047,0.9996
WALKING,0.99949086,0.9995
WALKING,0.99930525,0.9993
WALKING,0.99923396,0.9993
WALKING,0.999617,0.9996
WALKING,0.9998442,0.9999
WALKING,0.99981505,0.9998
WALKING,0.9998166,0.9998
WALKING,0.999833,0.9998
WALKING,0.9997069,0.9997
WALKING,0.99949205,0.9995
WALKING,0.99961853,0.9996
WALKING,0.99971145,0.9997
WALKING,0.99967825,0.9997
WALKING,0.99868864,0.9988
WALKING,0.9979158,0.998
WALKING,0.9995621,0.9996
WALKING,0.99833494,0.9984
WALKING,0.9993362,0.9994
WALKING,0.9998192,0.9998
WALKING,0.99960846,0.9996
WALKING,0.99971,0.9997
WALKING,0.9997311,0.9997
WALKING,0.9997962,0.9998
WALKING,0.9997297,0.9997
WALKING,0.9997775,0.9998
WALKING,0.999665,0.9997
WALKING,0.99942183,0.9995
WALKING,0.9996043,0.9996
WALKING_DOWNSTAIRS,0.99965036,0.9997
WALKING_DOWNSTAIRS,0.99935097,0.9994
WALKING_DOWNSTAIRS,0.98357934,0.9844
WALKING_DOWNSTAIRS,0.9945391,0.9948
WALKING_DOWNSTAIRS,0.9998493,0.9999
WALKING_DOWNSTAIRS,0.9999417,0.9999
WALKING_DOWNSTAIRS,0.9993305,0.9994
WALKING_DOWNSTAIRS,0.9990356,0.9991
WALKING_DOWNSTAIRS,0.9997918,0.9998
WALKING_DOWNSTAIRS,0.99899894,0.999
WALKING_DOWNSTAIRS,0.99980766,0.9998
WALKING_DOWNSTAIRS,0.9999685,1.0
WALKING_DOWNSTAIRS,0.99955314,0.9996
WALKING_DOWNSTAIRS,0.6826432,0.6985
WALKING_DOWNSTAIRS,0.9996474,0.9997
WALKING_DOWNSTAIRS,0.99993825,0.9999
WALKING_DOWNSTAIRS,0.999161,0.9992
WALKING_DOWNSTAIRS,0.99950325,0.9995
WALKING_DOWNSTAIRS,0.99958843,0.9996
WALKING_DOWNSTAIRS,0.9993741,0.9994
WALKING_DOWNSTAIRS,0.9988643,0.9989
WALKING_DOWNSTAIRS,0.9979157,0.998
WALKING_UPSTAIRS,0.98613286,0.9868
WALKING_UPSTAIRS,0.89702135,0.9022
WALKING_UPSTAIRS,0.99812394,0.9982
WALKING_UPSTAIRS,0.9908826,0.9913
WALKING_UPSTAIRS,0.7142129,0.7285
WALKING_UPSTAIRS,0.96362865,0.9654
WALKING,0.48424736,0.51
WALKING_DOWNSTAIRS,0.52450234,0.5483
WALKING_UPSTAIRS,0.87825596,0.8843
WALKING_UPSTAIRS,0.9842136,0.985
WALKING_UPSTAIRS,0.9914358,0.9919
WALKING,0.61019856,0.6297
WALKING_UPSTAIRS,0.9176747,0.9218
WALKING_UPSTAIRS,0.99774456,0.9979
WALKING,0.9935428,0.9939
WALKING,0.9182679,0.9224
WALKING_UPSTAIRS,0.9321358,0.9355
WALKING_UPSTAIRS,0.934678,0.9379
WALKING_UPSTAIRS,0.9879951,0.9886
WALKING_UPSTAIRS,0.9615622,0.9635
WALKING_DOWNSTAIRS,0.51105267,0.5355
WALKING,0.5883957,0.609
WALKING_DOWNSTAIRS,0.6085575,0.6281
WALKING_UPSTAIRS,0.49745774,0.5226
STANDING,0.99840647,0.9985
STANDING,0.9146957,0.919
SITTING,0.7477994,0.7604
SITTING,0.96045434,0.9624
SITTING,0.81679964,0.826
STANDING,0.9662863,0.968
STANDING,0.9317463,0.9352
STANDING,0.91886085,0.9229
STANDING,0.64172417,0.6596
SITTING,0.9215566,0.9255
STANDING,0.998231,0.9983
STANDING,0.9860107,0.9867
SITTING,0.95400053,0.9563
STANDING,0.7443893,0.7572
STANDING,0.9947371,0.995
STANDING,0.9493683,0.9519
SITTING,0.8591111,0.8662
STANDING,0.9965585,0.9967
STANDING,0.9820879,0.983
STANDING,0.94388646,0.9467
STANDING,0.9473822,0.95
STANDING,0.94348097,0.9463
SITTING,0.821567,0.8305
SITTING,0.84911066,0.8567
SITTING,0.9992887,0.9993
SITTING,0.99733365,0.9975
STANDING,0.71045774,0.7249
SITTING,0.96675915,0.9684
SITTING,0.9909382,0.9914
SITTING,0.89352727,0.8989
SITTING,0.894238,0.8995
SITTING,0.92604536,0.9297
SITTING,0.9802955,0.9813
SITTING,0.99816555,0.9983
SITTING,0.9989241,0.999
SITTING,0.9991529,0.9992
SITTING,0.9211935,0.9251
SITTING,0.99069315,0.9912
SITTING,0.9876444,0.9883
SITTING,0.71189374,0.7263
SITTING,0.97431594,0.9756
SITTING,0.9782879,0.9794
SITTING,0.99005157,0.9905
SITTING,0.9929885,0.9933
SITTING,0.99949276,0.9995
SITTING,0.9952376,0.9955
SITTING,0.99890137,0.999
LAYING,0.99864525,0.9987
LAYING,0.9998412,0.9998
LAYING,0.99993896,0.9999
LAYING,0.9999193,0.9999
LAYING,0.99991,0.9999
LAYING,0.9998946,0.9999
LAYING,0.9999523,1.0
LAYING,0.9999348,0.9999
LAYING,0.99994636,0.9999
LAYING,0.9999695,1.0
LAYING,0.99994576,0.9999
LAYING,0.99997115,1.0
LAYING,0.99998856,1.0
LAYING,0.99991643,0.9999
LAYING,0.99994767,1.0
LAYING,0.9999325,0.9999
LAYING,0.99990976,0.9999
LAYING,0.99995077,1.0
LAYING,0.99996424,1.0
LAYING,0.99996114,1.0
LAYING,0.99994993,1.0
LAYING,0.9998827,0.9999
LAYING,0.9999629,1.0
LAYING,0.9999521,1.0
WALKING,0.9981331,0.9982
WALKING,0.9994696,0.9995
WALKING,0.99971133,0.9997
WALKING,0.9996271,0.9996
WALKING,0.9988996,0.999
WALKING,0.99973947,0.9998
WALKING,0.9996823,0.9997
WALKING,0.99936277,0.9994
WALKING,0.9998486,0.9999
WALKING,0.9998822,0.9999
WALKING,0.9996989,0.9997
WALKING,0.9999201,0.9999
WALKING,0.99987125,0.9999
WALKING,0.99950814,0.9995
WALKING,0.9992632,0.9993
WALKING,0.99973005,0.9997
WALKING,0.9997851,0.9998
WALKING,0.9997501,0.9998
WALKING,0.9995105,0.9995
WALKING,0.99975735,0.9998
WALKING,0.9997273,0.9997
WALKING,0.99970335,0.9997
WALKING,0.99974626,0.9998
WALKING,0.9998534,0.9999
WALKING,0.99990284,0.9999
WALKING,0.9998988,0.9999
WALKING_DOWNSTAIRS,0.99930036,0.9993
WALKING_DOWNSTAIRS,0.99989927,0.9999
WALKING_DOWNSTAIRS,0.99988496,0.9999
WALKING_DOWNSTAIRS,0.9999589,1.0
WALKING_DOWNSTAIRS,0.9993851,0.9994
WALKING_DOWNSTAIRS,0.99829715,0.9984
WALKING_DOWNSTAIRS,0.999561,0.9996
WALKING_UPSTAIRS,0.93762106,0.9407
WALKING_UPSTAIRS,0.99661285,0.9968
WALKING_UPSTAIRS,0.99482006,0.9951
WALKING_UPSTAIRS,0.711831,0.7262
WALKING,0.69121665,0.7067
WALKING_UPSTAIRS,0.87047416,0.877
WALKING_UPSTAIRS,0.99710053,0.9972
WALKING_UPSTAIRS,0.9754597,0.9767
WALKING_UPSTAIRS,0.8169835,0.8261
WALKING,0.9711217,0.9726
WALKING_DOWNSTAIRS,0.99972814,0.9997
WALKING_DOWNSTAIRS,0.9996592,0.9997
WALKING_DOWNSTAIRS,0.9970407,0.9972
WALKING_DOWNSTAIRS,0.99975723,0.9998
WALKING_DOWNSTAIRS,0.99967587,0.9997
WALKING_DOWNSTAIRS,0.9990576,0.9991
WALKING,0.9278138,0.9314
WALKING,0.99111736,0.9916
WALKING,0.88382953,0.8896
WALKING_UPSTAIRS,0.68103087,0.697
WALKING,0.6145635,0.6338
WALKING,0.7861965,0.7969
WALKING_UPSTAIRS,0.94589454,0.9486
WALKING,0.7595316,0.7716
WALKING_DOWNSTAIRS,0.99981207,0.9998
WALKING_DOWNSTAIRS,0.9998099,0.9998
WALKING_DOWNSTAIRS,0.9998485,0.9999
WALKING_DOWNSTAIRS,0.99984133,0.9998
WALKING_DOWNSTAIRS,0.99997926,1.0
WALKING_DOWNSTAIRS,0.9999826,1.0
WALKING_DOWNSTAIRS,0.9991273,0.9992
WALKING_DOWNSTAIRS,0.9998987,0.9999
WALKING_UPSTAIRS,0.92620015,0.9299
WALKING,0.9990676,0.9991
WALKING,0.9990094,0.9991
WALKING,0.80447364,0.8142
WALKING,0.87504834,0.8813
WALKING,0.97848046,0.9796
WALKING,0.9946449,0.9949
WALKING,0.98359686,0.9844
STANDING,0.94257593,0.9454
STANDING,0.98318255,0.984
STANDING,0.5260264,0.5497
STANDING,0.9832919,0.9841
STANDING,0.9953483,0.9956
STANDING,0.99464107,0.9949
STANDING,0.9961051,0.9963
STANDING,0.987847,0.9885
STANDING,0.9632178,0.9651
SITTING,0.51074934,0.5352
STANDING,0.9774916,0.9786
SITTING,0.90890056,0.9135
SITTING,0.98614085,0.9868
SITTING,0.8604005,0.8674
STANDING,0.70029837,0.7153
STANDING,0.99122286,0.9917
SITTING,0.62444186,0.6432
SITTING,0.5432712,0.5661
STANDING,0.6079847,0.6276
STANDING,0.9875091,0.9881
STANDING,0.9845405,0.9853
STANDING,0.83758664,0.8457
STANDING,0.99464625,0.9949
STANDING,0.9850869,0.9858
STANDING,0.87137365,0.8778
STANDING,0.6038216,0.6236
SITTING,0.9591974,0.9612
SITTING,0.8852795,0.891
WALKING_UPSTAIRS,0.9822796,0.9832
STANDING,0.8925492,0.8979
STANDING,0.989288,0.9898
STANDING,0.8028144,0.8127
STANDING,0.9757791,0.977
STANDING,0.96054155,0.9625
STANDING,0.90127444,0.9062
SITTING,0.99944,0.9995
SITTING,0.9993094,0.9993
SITTING,0.9986975,0.9988
SITTING,0.84070647,0.8487
SITTING,0.54848903,0.5711
SITTING,0.8231126,0.832
SITTING,0.86801606,0.8746
SITTING,0.8603963,0.8674
SITTING,0.9987619,0.9988
SITTING,0.99940574,0.9994
SITTING,0.99779713,0.9979
STANDING,0.63146615,0.6499
SITTING,0.504822,0.5296
LAYING,0.99996865,1.0
LAYING,0.9998826,0.9999
LAYING,0.99961877,0.9996
LAYING,0.99964154,0.9997
LAYING,0.9974728,0.9976
LAYING,0.99914193,0.9992
LAYING,0.999853,0.9999
LAYING,0.9996904,0.9997
LAYING,0.99951863,0.9995
LAYING,0.99969184,0.9997
LAYING,0.99939215,0.9994
LAYING,0.9998481,0.9999
LAYING,0.999818,0.9998
LAYING,0.9997056,0.9997
LAYING,0.9998385,0.9998
LAYING,0.999368,0.9994
LAYING,0.9997044,0.9997
LAYING,0.9990796,0.9991
LAYING,0.99976844,0.9998
LAYING,0.99987054,0.9999
LAYING,0.9998834,0.9999
LAYING,0.999777,0.9998
LAYING,0.99973434,0.9997
LAYING,0.999705,0.9997
LAYING,0.9985929,0.9987
LAYING,0.9984664,0.9985
WALKING,0.9975821,0.9977
WALKING,0.99949205,0.9995
WALKING,0.9969472,0.9971
WALKING,0.99928445,0.9993
WALKING,0.999554,0.9996
WALKING,0.99910706,0.9992
WALKING,0.9989436,0.999
WALKING,0.9995902,0.9996
WALKING,0.9997371,0.9998
WALKING,0.999793,0.9998
WALKING,0.9995795,0.9996
WALKING,0.9983828,0.9985
WALKING,0.99831307,0.9984
WALKING,0.99679875,0.997
WALKING,0.9993667,0.9994
WALKING,0.9992017,0.9992
WALKING,0.9985304,0.9986
WALKING,0.9941842,0.9945
WALKING,0.99592674,0.9961
WALKING,0.99893874,0.999
WALKING,0.9982911,0.9984
WALKING,0.9995024,0.9995
WALKING,0.9990835,0.9991
WALKING,0.999033,0.9991
WALKING,0.9987405,0.9988
WALKING,0.9975581,0.9977
WALKING_DOWNSTAIRS,0.99974865,0.9998
WALKING_DOWNSTAIRS,0.99995387,1.0
WALKING_DOWNSTAIRS,0.99974257,0.9998
WALKING_DOWNSTAIRS,0.9999094,0.9999
WALKING_DOWNSTAIRS,0.99999464,1.0
WALKING_DOWNSTAIRS,0.99998057,1.0
WALKING_DOWNSTAIRS,0.99409795,0.9944
WALKING_DOWNSTAIRS,0.9999734,1.0
WALKING_DOWNSTAIRS,0.99992347,0.9999
WALKING_DOWNSTAIRS,0.99966574,0.9997
WALKING_DOWNSTAIRS,0.9999528,1.0
WALKING_DOWNSTAIRS,0.99998665,1.0
WALKING_DOWNSTAIRS,0.99998534,1.0
WALKING_DOWNSTAIRS,0.98189455,0.9828
WALKING_UPSTAIRS,0.9705696,0.972
WALKING_UPSTAIRS,0.9679155,0.9695
WALKING_UPSTAIRS,0.8769432,0.8831
WALKING,0.80901164,0.8186
WALKING_UPSTAIRS,0.9918107,0.9922
WALKING_UPSTAIRS,0.82437336,0.8332
WALKING_UPSTAIRS,0.8486219,0.8562
WALKING_UPSTAIRS,0.69717395,0.7123
WALKING_UPSTAIRS,0.93286985,0.9362
WALKING_UPSTAIRS,0.9896869,0.9902
WALKING_UPSTAIRS,0.91888213,0.9229
WALKING_UPSTAIRS,0.92218834,0.9261
WALKING_UPSTAIRS,0.9574137,0.9595
WALKING_UPSTAIRS,0.6927453,0.7081
WALKING_UPSTAIRS,0.93485874,0.9381
WALKING_UPSTAIRS,0.83710957,0.8453
WALKING_UPSTAIRS,0.96738464,0.969
WALKING,0.52317053,0.547
WALKING_UPSTAIRS,0.99485934,0.9951
WALKING_UPSTAIRS,0.9935634,0.9939
WALKING_UPSTAIRS,0.8951678,0.9004
WALKING_UPSTAIRS,0.9357656,0.939
WALKING_UPSTAIRS,0.95683175,0.959
WALKING_DOWNSTAIRS,0.999941,0.9999
WALKING_DOWNSTAIRS,0.9999213,0.9999
WALKING_DOWNSTAIRS,0.9998987,0.9999
WALKING_DOWNSTAIRS,0.99995935,1.0
WALKING_DOWNSTAIRS,0.99997044,1.0
WALKING_DOWNSTAIRS,0.9999769,1.0
WALKING_DOWNSTAIRS,0.99975914,0.9998
STANDING,0.9995009,0.9995
STANDING,0.99938035,0.9994
STANDING,0.9998894,0.9999
STANDING,0.999577,0.9996
STANDING,0.99993813,0.9999
STANDING,0.99991894,0.9999
STANDING,0.9960692,0.9963
STANDING,0.9981388,0.9982
STANDING,0.9998832,0.9999
STANDING,0.99985456,0.9999
STANDING,0.999064,0.9991
STANDING,0.9968579,0.997
STANDING,0.998264,0.9984
STANDING,0.99992216,0.9999
STANDING,0.97116673,0.9726
STANDING,0.98973095,0.9902
STANDING,0.99909234,0.9991
STANDING,0.9998902,0.9999
STANDING,0.9985037,0.9986
STANDING,0.9987406,0.9988
STANDING,0.9980825,0.9982
STANDING,0.6440074,0.6618
STANDING,0.99616796,0.9964
SITTING,0.99975365,0.9998
SITTING,0.9997174,0.9997
SITTING,0.99944764,0.9995
SITTING,0.99760205,0.9977
SITTING,0.9994228,0.9995
SITTING,0.9997123,0.9997
SITTING,0.99958533,0.9996
SITTING,0.9994468,0.9995
SITTING,0.999468,0.9995
SITTING,0.9994216,0.9995
SITTING,0.99933547,0.9994
SITTING,0.9992342,0.9993
SITTING,0.99990106,0.9999
SITTING,0.99807054,0.9982
SITTING,0.99939144,0.9994
SITTING,0.99936515,0.9994
SITTING,0.9987054,0.9988
SITTING,0.99320567,0.9935
SITTING,0.9911532,0.9916
SITTING,0.9986156,0.9987
SITTING,0.99673176,0.9969
SITTING,0.99358314,0.9939
SITTING,0.99779177,0.9979
SITTING,0.9944179,0.9947
LAYING,0.99978036,0.9998
LAYING,0.99986196,0.9999
LAYING,0.99979144,0.9998
LAYING,0.9998167,0.9998
LAYING,0.9999188,0.9999
LAYING,0.9999175,0.9999
LAYING,0.99977416,0.9998
LAYING,0.9997762,0.9998
LAYING,0.99980146,0.9998
LAYING,0.99971026,0.9997
LAYING,0.99992967,0.9999
LAYING,0.9998872,0.9999
LAYING,0.9996661,0.9997
LAYING,0.9997831,0.9998
LAYING,0.9998324,0.9998
LAYING,0.9999685,1.0
LAYING,0.9999738,1.0
LAYING,0.99990106,0.9999
LAYING,0.99988496,0.9999
LAYING,0.9999778,1.0
LAYING,0.9999902,1.0
LAYING,0.999956,1.0
LAYING,0.99997413,1.0
LAYING,0.9999962,1.0
LAYING,0.9999939,1.0
LAYING,0.9999858,1.0
LAYING,0.9999863,1.0
LAYING,0.9999716,1.0
LAYING,0.99996805,1.0
LAYING,0.99994123,0.9999
LAYING,0.9999349,0.9999
WALKING,0.9985734,0.9986
WALKING,0.9989737,0.999
WALKING,0.998602,0.9987
WALKING,0.9994579,0.9995
WALKING,0.9989693,0.999
WALKING,0.9994116,0.9994
WALKING,0.9998523,0.9999
WALKING,0.9991579,0.9992
WALKING,0.99970275,0.9997
WALKING,0.999895,0.9999
WALKING,0.9994068,0.9994
WALKING,0.99974316,0.9998
WALKING,0.99991167,0.9999
WALKING,0.999892,0.9999
WALKING,0.99748373,0.9976
WALKING,0.9997842,0.9998
WALKING,0.9998647,0.9999
WALKING,0.9997975,0.9998
WALKING,0.9996462,0.9997
WALKING,0.9998795,0.9999
WALKING,0.99977034,0.9998
WALKING,0.9996377,0.9997
WALKING,0.9996524,0.9997
WALKING,0.9998566,0.9999
WALKING,0.9982626,0.9983
WALKING,0.99941695,0.9994
WALKING,0.99992895,0.9999
WALKING_DOWNSTAIRS,0.9999957,1.0
WALKING_DOWNSTAIRS,0.9999554,1.0
WALKING_DOWNSTAIRS,0.99999785,1.0
WALKING_DOWNSTAIRS,0.99999785,1.0
WALKING_DOWNSTAIRS,0.9999821,1.0
WALKING_DOWNSTAIRS,0.9999703,1.0
WALKING_DOWNSTAIRS,0.99999714,1.0
WALKING_DOWNSTAIRS,0.9999682,1.0
WALKING_DOWNSTAIRS,0.9999814,1.0
WALKING_DOWNSTAIRS,0.999946,0.9999
WALKING_DOWNSTAIRS,0.9997466,0.9998
WALKING_DOWNSTAIRS,0.9996158,0.9996
WALKING_DOWNSTAIRS,0.9999454,0.9999
WALKING_DOWNSTAIRS,0.9997023,0.9997
WALKING_DOWNSTAIRS,0.999634,0.9997
WALKING_DOWNSTAIRS,0.99970263,0.9997
WALKING_DOWNSTAIRS,0.9999229,0.9999
WALKING_DOWNSTAIRS,0.9999815,1.0
WALKING_DOWNSTAIRS,0.99598736,0.9962
WALKING_UPSTAIRS,0.9507358,0.9532
WALKING_UPSTAIRS,0.9453375,0.9481
WALKING_UPSTAIRS,0.9959991,0.9962
WALKING_UPSTAIRS,0.99843675,0.9985
WALKING_UPSTAIRS,0.6688266,0.6854
WALKING_UPSTAIRS,0.98155516,0.9825
WALKING_UPSTAIRS,0.9909589,0.9914
WALKING_UPSTAIRS,0.99939954,0.9994
WALKING_UPSTAIRS,0.9994286,0.9995
WALKING_UPSTAIRS,0.99972075,0.9997
WALKING_UPSTAIRS,0.99950385,0.9995
WALKING_UPSTAIRS,0.9986129,0.9987
WALKING_UPSTAIRS,0.9947218,0.995
WALKING_UPSTAIRS,0.9943979,0.9947
WALKING_UPSTAIRS,0.99783534,0.9979
WALKING_UPSTAIRS,0.9555049,0.9577
WALKING_UPSTAIRS,0.9989349,0.999
WALKING_UPSTAIRS,0.9992843,0.9993
WALKING_UPSTAIRS,0.9919992,0.9924
WALKING_UPSTAIRS,0.97443444,0.9757
WALKING_UPSTAIRS,0.90601194,0.9107
WALKING,0.9857157,0.9864
WALKING,0.9338203,0.9371
STANDING,0.97576547,0.977
STANDING,0.5505435,0.573
STANDING,0.6589439,0.676
STANDING,0.9799525,0.981
SITTING,0.50882727,0.5334
STANDING,0.9998394,0.9998
STANDING,0.9967457,0.9969
SITTING,0.6637233,0.6805
STANDING,0.884887,0.8906
STANDING,0.99838114,0.9985
STANDING,0.996463,0.9966
STANDING,0.96833056,0.9699
STANDING,0.98996896,0.9905
STANDING,0.8959385,0.9011
STANDING,0.957876,0.96
STANDING,0.9889691,0.9895
STANDING,0.89435244,0.8996
SITTING,0.9946233,0.9949
STANDING,0.75973,0.7717
STANDING,0.9626328,0.9645
STANDING,0.9438612,0.9467
STANDING,0.9767273,0.9779
SITTING,0.98662007,0.9873
STANDING,0.8925594,0.8979
STANDING,0.9777826,0.9789
STANDING,0.99629164,0.9965
STANDING,0.9192994,0.9233
STANDING,0.98954517,0.9901
STANDING,0.9939275,0.9942
STANDING,0.99719846,0.9973
STANDING,0.92918736,0.9327
STANDING,0.9477958,0.9504
STANDING,0.9984571,0.9985
STANDING,0.998971,0.999
STANDING,0.9996886,0.9997
STANDING,0.99950695,0.9995
STANDING,0.9995123,0.9995
STANDING,0.9997353,0.9997
STANDING,0.9561697,0.9584
SITTING,0.8981108,0.9032
SITTING,0.9887018,0.9893
STANDING,0.8780232,0.8841
SITTING,0.64799803,0.6656
STANDING,0.91639864,0.9206
STANDING,0.58374894,0.6046
SITTING,0.9300632,0.9336
SITTING,0.7219231,0.7358
SITTING,0.99311227,0.9935
STANDING,0.88144696,0.8874
SITTING,0.89643323,0.9016
SITTING,0.85558385,0.8628
LAYING,0.9984962,0.9986
LAYING,0.99676055,0.9969
LAYING,0.90061045,0.9056
LAYING,0.94347,0.9463
LAYING,0.9912493,0.9917
LAYING,0.9943719,0.9947
LAYING,0.9887139,0.9893
LAYING,0.9969216,0.9971
LAYING,0.95878285,0.9608
LAYING,0.99244654,0.9928
LAYING,0.93290305,0.9363
LAYING,0.9941497,0.9944
LAYING,0.9979031,0.998
LAYING,0.9774007,0.9785
LAYING,0.91526,0.9195
LAYING,0.9877055,0.9883
LAYING,0.9978841,0.998
LAYING,0.9947636,0.995
LAYING,0.99697137,0.9971
LAYING,0.9926543,0.993
LAYING,0.92102545,0.925
LAYING,0.99484766,0.9951
LAYING,0.9927763,0.9931
LAYING,0.9837272,0.9845
LAYING,0.99669826,0.9969
LAYING,0.99505854,0.9953
LAYING,0.99645907,0.9966
WALKING,0.9968258,0.997
WALKING,0.9996013,0.9996
WALKING,0.9969199,0.9971
WALKING,0.99550724,0.9957
WALKING,0.99826604,0.9984
WALKING,0.9985349,0.9986
WALKING,0.99467516,0.9949
WALKING,0.9827064,0.9836
WALKING,0.98161304,0.9825
WALKING,0.99266714,0.993
WALKING,0.9247719,0.9285
WALKING,0.9397628,0.9428
WALKING,0.9956032,0.9958
WALKING,0.99509865,0.9953
WALKING,0.99711275,0.9973
WALKING,0.99565166,0.9959
WALKING,0.9990878,0.9991
WALKING,0.99973375,0.9997
WALKING,0.9951755,0.9954
WALKING_DOWNSTAIRS,0.7491053,0.7617
WALKING_DOWNSTAIRS,0.96450883,0.9663
WALKING_DOWNSTAIRS,0.5317105,0.5551
WALKING,0.9972389,0.9974
WALKING,0.9906375,0.9911
WALKING,0.9927469,0.9931
WALKING,0.99149865,0.9919
WALKING_DOWNSTAIRS,0.999778,0.9998
WALKING_DOWNSTAIRS,0.9999392,0.9999
WALKING_DOWNSTAIRS,0.9997719,0.9998
WALKING_DOWNSTAIRS,0.99991894,0.9999
WALKING_DOWNSTAIRS,0.9995173,0.9995
WALKING_DOWNSTAIRS,0.9998355,0.9998
WALKING_DOWNSTAIRS,0.9997098,0.9997
WALKING_DOWNSTAIRS,0.9999801,1.0
WALKING_DOWNSTAIRS,0.99998856,1.0
WALKING_DOWNSTAIRS,0.9996953,0.9997
WALKING_DOWNSTAIRS,0.9999566,1.0
WALKING_DOWNSTAIRS,0.99993134,0.9999
WALKING_DOWNSTAIRS,0.99991596,0.9999
WALKING_DOWNSTAIRS,0.9999795,1.0
WALKING_DOWNSTAIRS,0.9999093,0.9999
WALKING_DOWNSTAIRS,0.9999707,1.0
WALKING_DOWNSTAIRS,0.9999825,1.0
WALKING_DOWNSTAIRS,0.99992263,0.9999
WALKING_DOWNSTAIRS,0.99997187,1.0
WALKING_UPSTAIRS,0.91688216,0.921
WALKING_UPSTAIRS,0.90660554,0.9113
WALKING_UPSTAIRS,0.6725119,0.6889
WALKING_UPSTAIRS,0.43903196,0.4671
WALKING,0.5626101,0.5845
WALKING_UPSTAIRS,0.42046684,0.4494
WALKING_UPSTAIRS,0.8366825,0.8448
WALKING_UPSTAIRS,0.940056,0.9431
WALKING_UPSTAIRS,0.85140514,0.8588
WALKING_UPSTAIRS,0.903883,0.9087
WALKING,0.41866806,0.4477
WALKING_UPSTAIRS,0.72900546,0.7426
WALKING_UPSTAIRS,0.8880964,0.8937
WALKING_UPSTAIRS,0.90086067,0.9058
WALKING_UPSTAIRS,0.8500894,0.8576
WALKING_UPSTAIRS,0.9321288,0.9355
WALKING_UPSTAIRS,0.9180729,0.9222
WALKING_UPSTAIRS,0.49624875,0.5214
WALKING,0.9565531,0.9587
WALKING_UPSTAIRS,0.96964103,0.9712
WALKING_UPSTAIRS,0.7005563,0.7155
WALKING_UPSTAIRS,0.8281066,0.8367
WALKING_UPSTAIRS,0.9199871,0.924
WALKING_UPSTAIRS,0.9430141,0.9459
STANDING,0.9989791,0.999
STANDING,0.99973184,0.9997
STANDING,0.9977488,0.9979
STANDING,0.9261811,0.9299
STANDING,0.976334,0.9775
STANDING,0.95069206,0.9532
STANDING,0.985852,0.9866
STANDING,0.98994386,0.9904
STANDING,0.9113714,0.9158
STANDING,0.88184786,0.8878
STANDING,0.9991881,0.9992
STANDING,0.9935098,0.9938
STANDING,0.99901545,0.9991
STANDING,0.996923,0.9971
STANDING,0.98977673,0.9903
STANDING,0.98096853,0.9819
STANDING,0.9952545,0.9955
STANDING,0.9978801,0.998
STANDING,0.9984723,0.9985
STANDING,0.9987,0.9988
STANDING,0.989965,0.9905
STANDING,0.9996731,0.9997
STANDING,0.99961436,0.9996
STANDING,0.99901855,0.9991
STANDING,0.99956566,0.9996
STANDING,0.99973005,0.9997
STANDING,0.9968509,0.997
SITTING,0.9998356,0.9998
SITTING,0.997421,0.9975
SITTING,0.99326104,0.9936
SITTING,0.9991665,0.9992
SITTING,0.9937442,0.9941
SITTING,0.99900514,0.9991
SITTING,0.99957496,0.9996
SITTING,0.99922276,0.9993
SITTING,0.9975183,0.9976
SITTING,0.9656653,0.9674
SITTING,0.99809664,0.9982
SITTING,0.99917895,0.9992
SITTING,0.7643922,0.7762
SITTING,0.9513234,0.9538
STANDING,0.80822,0.8178
SITTING,0.6350118,0.6533
SITTING,0.53178823,0.5552
SITTING,0.92275774,0.9266
SITTING,0.8573217,0.8645
SITTING,0.9787279,0.9798
STANDING,0.55906385,0.5811
SITTING,0.761151,0.7731
SITTING,0.9934675,0.9938
STANDING,0.92769176,0.9313
STANDING,0.9892859,0.9898
STANDING,0.9943727,0.9947
STANDING,0.98923653,0.9898
SITTING,0.65105206,0.6685
LAYING,0.999054,0.9991
LAYING,0.99982184,0.9998
LAYING,0.99991715,0.9999
LAYING,0.9998704,0.9999
LAYING,0.9997981,0.9998
LAYING,0.9997404,0.9998
LAYING,0.9998184,0.9998
LAYING,0.99927217,0.9993
LAYING,0.999524,0.9995
LAYING,0.99993825,0.9999
LAYING,0.999944,0.9999
LAYING,0.99982125,0.9998
LAYING,0.99978465,0.9998
LAYING,0.9998851,0.9999
LAYING,0.9999417,0.9999
LAYING,0.9999255,0.9999
LAYING,0.999851,0.9999
LAYING,0.99973243,0.9997
LAYING,0.9998337,0.9998
LAYING,0.99990463,0.9999
LAYING,0.99991107,0.9999
LAYING,0.9997532,0.9998
LAYING,0.9995629,0.9996
LAYING,0.99969935,0.9997
LAYING,0.9998362,0.9998
LAYING,0.999908,0.9999
LAYING,0.99984837,0.9999
WALKING_DOWNSTAIRS,0.79151917,0.8019
WALKING,0.994786,0.995
WALKING,0.99903023,0.9991
WALKING,0.9972832,0.9974
WALKING,0.9940779,0.9944
WALKING,0.99783653,0.9979
WALKING,0.9996246,0.9996
WALKING,0.9989795,0.999
WALKING,0.99826545,0.9984
WALKING,0.99854016,0.9986
WALKING,0.9969964,0.9971
WALKING,0.9993414,0.9994
WALKING,0.99823594,0.9983
WALKING,0.9986022,0.9987
WALKING,0.9721077,0.9735
WALKING,0.9969699,0.9971
WALKING,0.99883145,0.9989
WALKING,0.9994961,0.9995
WALKING,0.999469,0.9995
WALKING,0.99966335,0.9997
WALKING,0.9994023,0.9994
WALKING,0.99900657,0.9991
WALKING,0.9952958,0.9955
WALKING,0.94245076,0.9453
WALKING,0.9918344,0.9922
WALKING,0.9986224,0.9987
WALKING,0.9987752,0.9988
WALKING_DOWNSTAIRS,0.9991093,0.9992
WALKING_DOWNSTAIRS,0.99984765,0.9999
WALKING_DOWNSTAIRS,0.9995634,0.9996
WALKING_DOWNSTAIRS,0.9993224,0.9994
WALKING_DOWNSTAIRS,0.9998735,0.9999
WALKING_DOWNSTAIRS,0.99671483,0.9969
WALKING_DOWNSTAIRS,0.9992842,0.9993
WALKING_DOWNSTAIRS,0.9993206,0.9994
WALKING_DOWNSTAIRS,0.7297656,0.7433
WALKING_DOWNSTAIRS,0.9998685,0.9999
WALKING_DOWNSTAIRS,0.9993612,0.9994
WALKING_DOWNSTAIRS,0.9978465,0.998
WALKING_DOWNSTAIRS,0.9967796,0.9969
WALKING_DOWNSTAIRS,0.9991855,0.9992
WALKING_DOWNSTAIRS,0.99977463,0.9998
WALKING_DOWNSTAIRS,0.9998134,0.9998
WALKING_DOWNSTAIRS,0.99598396,0.9962
WALKING_DOWNSTAIRS,0.9994054,0.9994
WALKING_DOWNSTAIRS,0.9998654,0.9999
WALKING_DOWNSTAIRS,0.99437165,0.9947
WALKING_DOWNSTAIRS,0.818762,0.8278
WALKING_DOWNSTAIRS,0.99420834,0.9945
WALKING_DOWNSTAIRS,0.9974113,0.9975
WALKING_DOWNSTAIRS,0.99851495,0.9986
WALKING_DOWNSTAIRS,0.9965702,0.9967
WALKING_UPSTAIRS,0.9989126,0.999
WALKING_UPSTAIRS,0.9906006,0.9911
WALKING_UPSTAIRS,0.9961941,0.9964
WALKING_UPSTAIRS,0.99928826,0.9993
WALKING_UPSTAIRS,0.9432691,0.9461
WALKING_UPSTAIRS,0.9988938,0.9989
WALKING_UPSTAIRS,0.9810703,0.982
WALKING_UPSTAIRS,0.97361416,0.9749
WALKING_UPSTAIRS,0.9980129,0.9981
WALKING_UPSTAIRS,0.99707115,0.9972
WALKING_UPSTAIRS,0.9931605,0.9935
WALKING_UPSTAIRS,0.8175946,0.8267
WALKING_UPSTAIRS,0.99603647,0.9962
WALKING_UPSTAIRS,0.9921503,0.9925
WALKING_UPSTAIRS,0.9812743,0.9822
WALKING_UPSTAIRS,0.9971221,0.9973
WALKING_UPSTAIRS,0.9981748,0.9983
WALKING_UPSTAIRS,0.99602026,0.9962
WALKING_UPSTAIRS,0.99920964,0.9992
WALKING_UPSTAIRS,0.9954072,0.9956
WALKING_UPSTAIRS,0.99788505,0.998
WALKING_UPSTAIRS,0.99691737,0.9971
WALKING_UPSTAIRS,0.9956014,0.9958
WALKING_UPSTAIRS,0.99861586,0.9987
WALKING_UPSTAIRS,0.9998029,0.9998
WALKING_UPSTAIRS,0.9928544,0.9932
WALKING_UPSTAIRS,0.99538666,0.9956
STANDING,0.69866776,0.7137
SITTING,0.65704685,0.6742
STANDING,0.9990434,0.9991
STANDING,0.9994079,0.9994
STANDING,0.99978334,0.9998
STANDING,0.9996358,0.9997
STANDING,0.9999044,0.9999
STANDING,0.9996722,0.9997
STANDING,0.96403897,0.9658
STANDING,0.9994511,0.9995
STANDING,0.99956375,0.9996
STANDING,0.9982658,0.9984
STANDING,0.88095623,0.8869
STANDING,0.99925834,0.9993
STANDING,0.9996363,0.9997
STANDING,0.9997942,0.9998
STANDING,0.99965715,0.9997
STANDING,0.99948514,0.9995
STANDING,0.9996835,0.9997
STANDING,0.99825174,0.9983
STANDING,0.9993254,0.9994
STANDING,0.9984273,0.9985
STANDING,0.99947816,0.9995
STANDING,0.9996008,0.9996
STANDING,0.9998579,0.9999
STANDING,0.9981816,0.9983
STANDING,0.9999738,1.0
STANDING,0.99902046,0.9991
STANDING,0.9988826,0.9989
STANDING,0.9898342,0.9903
STANDING,0.972232,0.9736
STANDING,0.9690027,0.9706
STANDING,0.999577,0.9996
STANDING,0.99956995,0.9996
SITTING,0.9760993,0.9773
SITTING,0.49974173,0.5248
SITTING,0.9706022,0.9721
SITTING,0.9690095,0.9706
SITTING,0.8371476,0.8453
SITTING,0.7222123,0.7361
SITTING,0.95118034,0.9536
STANDING,0.5642222,0.586
SITTING,0.9989404,0.999
SITTING,0.96992785,0.9714
SITTING,0.95391333,0.9562
SITTING,0.977411,0.9785
SITTING,0.91972053,0.9237
SITTING,0.83273315,0.8411
SITTING,0.9380502,0.9411
SITTING,0.88233846,0.8882
SITTING,0.75463784,0.7669
STANDING,0.82711345,0.8358
STANDING,0.81418705,0.8235
STANDING,0.9251699,0.9289
SITTING,0.9787037,0.9798
SITTING,0.9992901,0.9993
SITTING,0.99348783,0.9938
LAYING,0.99995744,1.0
LAYING,0.9999149,0.9999
LAYING,0.99975485,0.9998
LAYING,0.99980074,0.9998
LAYING,0.9999163,0.9999
LAYING,0.9997888,0.9998
LAYING,0.9997689,0.9998
LAYING,0.99965644,0.9997
LAYING,0.99977475,0.9998
LAYING,0.9998733,0.9999
LAYING,0.99862444,0.9987
LAYING,0.9995819,0.9996
LAYING,0.9999144,0.9999
LAYING,0.9996705,0.9997
LAYING,0.9997907,0.9998
LAYING,0.99982387,0.9998
LAYING,0.99977666,0.9998
LAYING,0.9998215,0.9998
LAYING,0.99956304,0.9996
LAYING,0.99959356,0.9996
LAYING,0.99986386,0.9999
LAYING,0.9997708,0.9998
LAYING,0.9993839,0.9994
LAYING,0.99940217,0.9994
LAYING,0.99981624,0.9998
LAYING,0.99976915,0.9998
LAYING,0.9998703,0.9999
LAYING,0.9998988,0.9999
LAYING,0.99979013,0.9998
LAYING,0.9998227,0.9998
LAYING,0.9995721,0.9996
LAYING,0.99949074,0.9995
LAYING,0.9996954,0.9997
WALKING,0.97795415,0.9791
WALKING,0.96789896,0.9695
WALKING,0.9963691,0.9966
WALKING,0.99813664,0.9982
WALKING,0.9987821,0.9988
WALKING,0.9981846,0.9983
WALKING,0.99816376,0.9983
WALKING,0.9948704,0.9951
WALKING,0.9978538,0.998
WALKING,0.9912963,0.9917
WALKING,0.9699978,0.9715
WALKING,0.9884983,0.9891
WALKING,0.98943055,0.99
WALKING,0.9975514,0.9977
WALKING,0.9697808,0.9713
WALKING,0.9962747,0.9965
WALKING,0.97641903,0.9776
WALKING,0.99684525,0.997
WALKING,0.96865094,0.9702
WALKING,0.98438084,0.9852
WALKING,0.99232364,0.9927
WALKING,0.9499802,0.9525
WALKING,0.9873533,0.988
WALKING_DOWNSTAIRS,0.9999678,1.0
WALKING_DOWNSTAIRS,0.99933213,0.9994
WALKING_DOWNSTAIRS,0.99932253,0.9994
WALKING_DOWNSTAIRS,0.99954826,0.9996
WALKING_DOWNSTAIRS,0.9999516,1.0
WALKING_DOWNSTAIRS,0.9999956,1.0
WALKING_DOWNSTAIRS,0.99979883,0.9998
WALKING_DOWNSTAIRS,0.99991095,0.9999
WALKING_DOWNSTAIRS,0.99934703,0.9994
WALKING_DOWNSTAIRS,0.9985139,0.9986
WALKING_DOWNSTAIRS,0.9539398,0.9562
WALKING_DOWNSTAIRS,0.90045047,0.9054
WALKING_DOWNSTAIRS,0.99911267,0.9992
WALKING_DOWNSTAIRS,0.9991573,0.9992
WALKING_DOWNSTAIRS,0.99995506,1.0
WALKING_DOWNSTAIRS,0.9995721,0.9996
WALKING_DOWNSTAIRS,0.99973994,0.9998
WALKING_DOWNSTAIRS,0.9997533,0.9998
WALKING_DOWNSTAIRS,0.999895,0.9999
WALKING_DOWNSTAIRS,0.999721,0.9997
WALKING_DOWNSTAIRS,0.9991565,0.9992
WALKING_UPSTAIRS,0.83133817,0.8398
WALKING_UPSTAIRS,0.95785517,0.96
WALKING_UPSTAIRS,0.99887186,0.9989
WALKING_UPSTAIRS,0.95504826,0.9573
WALKING_UPSTAIRS,0.95329535,0.9556
WALKING_UPSTAIRS,0.9753534,0.9766
WALKING_UPSTAIRS,0.99848074,0.9986
WALKING_UPSTAIRS,0.9961163,0.9963
WALKING_UPSTAIRS,0.98429465,0.9851
WALKING_UPSTAIRS,0.99947304,0.9995
WALKING_UPSTAIRS,0.9949262,0.9952
WALKING_UPSTAIRS,0.99446326,0.9947
WALKING_UPSTAIRS,0.9807622,0.9817
WALKING_UPSTAIRS,0.8831857,0.889
WALKING_UPSTAIRS,0.9961665,0.9964
WALKING_UPSTAIRS,0.99442106,0.9947
WALKING_UPSTAIRS,0.9976737,0.9978
WALKING_UPSTAIRS,0.99473566,0.995
WALKING_UPSTAIRS,0.9947031,0.995
WALKING_UPSTAIRS,0.96399873,0.9658
WALKING_UPSTAIRS,0.971874,0.9733
WALKING_UPSTAIRS,0.99747986,0.9976
WALKING_UPSTAIRS,0.99876,0.9988
WALKING_UPSTAIRS,0.9980172,0.9981
WALKING_UPSTAIRS,0.9970758,0.9972
STANDING,0.9996039,0.9996
STANDING,0.99988616,0.9999
STANDING,0.99940145,0.9994
STANDING,0.9990721,0.9991
STANDING,0.99970895,0.9997
STANDING,0.9996848,0.9997
STANDING,0.99991095,0.9999
STANDING,0.9997738,0.9998
STANDING,0.99983287,0.9998
STANDING,0.99979895,0.9998
STANDING,0.99990225,0.9999
STANDING,0.9808452,0.9818
STANDING,0.9924206,0.9928
STANDING,0.9390558,0.9421
STANDING,0.9963199,0.9965
STANDING,0.99666506,0.9968
STANDING,0.990765,0.9912
STANDING,0.99794835,0.9981
STANDING,0.998502,0.9986
STANDING,0.99848676,0.9986
STANDING,0.9902649,0.9908
STANDING,0.9987317,0.9988
STANDING,0.9996563,0.9997
STANDING,0.99985003,0.9999
STANDING,0.999863,0.9999
STANDING,0.9992405,0.9993
STANDING,0.99992573,0.9999
SITTING,0.99463165,0.9949
SITTING,0.99937975,0.9994
SITTING,0.99914837,0.9992
SITTING,0.99821824,0.9983
SITTING,0.9986457,0.9987
SITTING,0.9673276,0.969
SITTING,0.9737462,0.9751
SITTING,0.99068415,0.9912
SITTING,0.9835946,0.9844
SITTING,0.9829695,0.9838
SITTING,0.998085,0.9982
SITTING,0.99949217,0.9995
SITTING,0.99901533,0.9991
SITTING,0.9951781,0.9954
SITTING,0.9985593,0.9986
SITTING,0.9971987,0.9973
SITTING,0.9962203,0.9964
SITTING,0.96012276,0.9621
SITTING,0.9937459,0.9941
SITTING,0.9976872,0.9978
SITTING,0.9974388,0.9976
SITTING,0.99940073,0.9994
SITTING,0.99836785,0.9984
SITTING,0.9851639,0.9859
LAYING,0.99993,0.9999
LAYING,0.99968743,0.9997
LAYING,0.9997863,0.9998
LAYING,0.9991911,0.9992
LAYING,0.99871266,0.9988
LAYING,0.99959785,0.9996
LAYING,0.9995042,0.9995
LAYING,0.9993711,0.9994
LAYING,0.9996798,0.9997
LAYING,0.99953413,0.9996
LAYING,0.9991703,0.9992
LAYING,0.99788207,0.998
LAYING,0.9992514,0.9993
LAYING,0.9996295,0.9996
LAYING,0.99947053,0.9995
LAYING,0.99708444,0.9972
LAYING,0.99833363,0.9984
LAYING,0.9992774,0.9993
LAYING,0.9990126,0.9991
LAYING,0.9994899,0.9995
LAYING,0.99917454,0.9992
LAYING,0.99899834,0.999
LAYING,0.9983101,0.9984
LAYING,0.9974745,0.9976
LAYING,0.998743,0.9988
LAYING,0.9986701,0.9987
LAYING,0.99813336,0.9982
LAYING,0.9979354,0.998
LAYING,0.99834335,0.9984
LAYING,0.9994357,0.9995
LAYING,0.99952245,0.9995
LAYING,0.9996413,0.9997
LAYING,0.9978173,0.9979
WALKING,0.9854203,0.9861
WALKING,0.9962559,0.9964
WALKING,0.99977833,0.9998
WALKING,0.9997708,0.9998
WALKING,0.99989843,0.9999
WALKING,0.9998615,0.9999
WALKING,0.9998348,0.9998
WALKING,0.99996006,1.0
WALKING,0.9999639,1.0
WALKING,0.99996424,1.0
WALKING,0.9997762,0.9998
WALKING,0.9999267,0.9999
WALKING,0.9999641,1.0
WALKING,0.9999677,1.0
WALKING,0.9989868,0.999
WALKING,0.9998722,0.9999
WALKING,0.9999609,1.0
WALKING,0.99994016,0.9999
WALKING,0.99993575,0.9999
WALKING,0.9999628,1.0
WALKING,0.9999114,0.9999
WALKING,0.9998691,0.9999
WALKING,0.99996614,1.0
WALKING,0.9999585,1.0
WALKING,0.99995506,1.0
WALKING,0.9999701,1.0
WALKING,0.9999418,0.9999
WALKING,0.9998455,0.9999
WALKING,0.9999726,1.0
WALKING,0.9998388,0.9998
WALKING_DOWNSTAIRS,0.9940706,0.9944
WALKING_DOWNSTAIRS,0.930695,0.9342
WALKING,0.88121307,0.8872
WALKING,0.6953094,0.7105
WALKING,0.50835496,0.5329
WALKING_DOWNSTAIRS,0.9230744,0.9269
WALKING_DOWNSTAIRS,0.96984696,0.9714
WALKING_DOWNSTAIRS,0.96459,0.9664
WALKING_DOWNSTAIRS,0.9682952,0.9699
WALKING_DOWNSTAIRS,0.96978915,0.9713
WALKING_DOWNSTAIRS,0.9822871,0.9832
WALKING_DOWNSTAIRS,0.95762956,0.9597
WALKING_DOWNSTAIRS,0.9694844,0.971
WALKING_DOWNSTAIRS,0.9330838,0.9364
WALKING_DOWNSTAIRS,0.7294611,0.743
WALKING,0.6365901,0.6548
WALKING_DOWNSTAIRS,0.7279313,0.7415
WALKING_DOWNSTAIRS,0.98498905,0.9857
WALKING_DOWNSTAIRS,0.99905735,0.9991
WALKING_DOWNSTAIRS,0.99955755,0.9996
WALKING_DOWNSTAIRS,0.9570743,0.9592
WALKING_DOWNSTAIRS,0.99733245,0.9975
WALKING_DOWNSTAIRS,0.99625576,0.9964
WALKING_DOWNSTAIRS,0.93707424,0.9402
WALKING_DOWNSTAIRS,0.9545576,0.9568
WALKING_DOWNSTAIRS,0.9907584,0.9912
WALKING_DOWNSTAIRS,0.9619628,0.9639
WALKING_UPSTAIRS,0.9996983,0.9997
WALKING_UPSTAIRS,0.99985397,0.9999
WALKING_UPSTAIRS,0.9996543,0.9997
WALKING_UPSTAIRS,0.99639326,0.9966
WALKING_UPSTAIRS,0.9989311,0.999
WALKING_UPSTAIRS,0.9983613,0.9984
WALKING_UPSTAIRS,0.99866605,0.9987
WALKING_UPSTAIRS,0.998679,0.9987
WALKING_UPSTAIRS,0.99961925,0.9996
WALKING_UPSTAIRS,0.9997552,0.9998
WALKING_UPSTAIRS,0.99973303,0.9997
WALKING_UPSTAIRS,0.9997552,0.9998
WALKING_UPSTAIRS,0.9997662,0.9998
WALKING_UPSTAIRS,0.9997843,0.9998
WALKING_UPSTAIRS,0.99977213,0.9998
WALKING_UPSTAIRS,0.9999373,0.9999
WALKING_UPSTAIRS,0.9996598,0.9997
WALKING_UPSTAIRS,0.9998839,0.9999
WALKING_UPSTAIRS,0.99993086,0.9999
WALKING_UPSTAIRS,0.99991643,0.9999
WALKING_UPSTAIRS,0.9998435,0.9999
WALKING_UPSTAIRS,0.9999229,0.9999
WALKING_UPSTAIRS,0.9999553,1.0
WALKING_UPSTAIRS,0.99985135,0.9999
WALKING_UPSTAIRS,0.9986349,0.9987
WALKING_UPSTAIRS,0.9994623,0.9995
WALKING_UPSTAIRS,0.9998541,0.9999
WALKING_UPSTAIRS,0.9999162,0.9999
WALKING_UPSTAIRS,0.9998653,0.9999
WALKING_UPSTAIRS,0.9998665,0.9999
WALKING_UPSTAIRS,0.9995956,0.9996
STANDING,0.99995244,1.0
STANDING,0.99990404,0.9999
STANDING,0.99954706,0.9996
STANDING,0.9980477,0.9981
STANDING,0.99939823,0.9994
STANDING,0.99572647,0.9959
STANDING,0.9425665,0.9454
STANDING,0.9993956,0.9994
STANDING,0.9998141,0.9998
STANDING,0.9999397,0.9999
STANDING,0.99999475,1.0
STANDING,0.99998224,1.0
STANDING,0.9929382,0.9933
STANDING,0.9785565,0.9796
STANDING,0.9982673,0.9984
STANDING,0.9961467,0.9963
STANDING,0.9998528,0.9999
STANDING,0.9995602,0.9996
STANDING,0.99988365,0.9999
STANDING,0.99975556,0.9998
STANDING,0.9996728,0.9997
STANDING,0.99816376,0.9983
STANDING,0.9950683,0.9953
STANDING,0.996651,0.9968
STANDING,0.9963206,0.9965
STANDING,0.98703814,0.9877
STANDING,0.99921477,0.9993
STANDING,0.99957997,0.9996
STANDING,0.9981572,0.9982
STANDING,0.99531305,0.9955
SITTING,0.9996846,0.9997
SITTING,0.99985623,0.9999
SITTING,0.9958658,0.9961
SITTING,0.999032,0.9991
SITTING,0.9983645,0.9984
SITTING,0.97623944,0.9774
SITTING,0.99297535,0.9933
SITTING,0.9990102,0.9991
SITTING,0.9994362,0.9995
SITTING,0.99453235,0.9948
SITTING,0.99971765,0.9997
SITTING,0.9995852,0.9996
SITTING,0.9903874,0.9909
SITTING,0.99784994,0.998
SITTING,0.99391973,0.9942
SITTING,0.999175,0.9992
SITTING,0.99804854,0.9981
SITTING,0.9976259,0.9977
SITTING,0.99891233,0.999
SITTING,0.9983895,0.9985
SITTING,0.9962436,0.9964
SITTING,0.9985185,0.9986
SITTING,0.9904128,0.9909
SITTING,0.94586957,0.9486
SITTING,0.9912777,0.9917
LAYING,0.99954385,0.9996
LAYING,0.99992085,0.9999
LAYING,0.9998103,0.9998
LAYING,0.9998198,0.9998
LAYING,0.9998877,0.9999
LAYING,0.9998846,0.9999
LAYING,0.99985373,0.9999
LAYING,0.9999081,0.9999
LAYING,0.9998099,0.9998
LAYING,0.9999515,1.0
LAYING,0.9999815,1.0
LAYING,0.99992,0.9999
LAYING,0.99994373,0.9999
LAYING,0.99974996,0.9998
LAYING,0.9995695,0.9996
LAYING,0.9987679,0.9988
LAYING,0.999553,0.9996
LAYING,0.9998547,0.9999
LAYING,0.9998838,0.9999
LAYING,0.99985933,0.9999
LAYING,0.99988735,0.9999
LAYING,0.9998692,0.9999
LAYING,0.9997279,0.9997
LAYING,0.9993993,0.9994
LAYING,0.9998691,0.9999
LAYING,0.99979585,0.9998
LAYING,0.99961793,0.9996
LAYING,0.99935144,0.9994
LAYING,0.99987185,0.9999
WALKING,0.9982937,0.9984
WALKING,0.99983025,0.9998
WALKING,0.9990953,0.9991
WALKING,0.9997389,0.9998
WALKING,0.99985504,0.9999
WALKING,0.9999341,0.9999
WALKING,0.9998266,0.9998
WALKING,0.999845,0.9999
WALKING,0.99987054,0.9999
WALKING,0.99996734,1.0
WALKING,0.99993825,0.9999
WALKING,0.9999231,0.9999
WALKING,0.9999074,0.9999
WALKING,0.99953437,0.9996
WALKING,0.9996878,0.9997
WALKING,0.9998779,0.9999
WALKING,0.9998454,0.9999
WALKING,0.99977106,0.9998
WALKING,0.9999448,0.9999
WALKING,0.99971265,0.9997
WALKING,0.9999318,0.9999
WALKING,0.99992716,0.9999
WALKING,0.99987304,0.9999
WALKING,0.9999026,0.9999
WALKING,0.99968207,0.9997
WALKING,0.99882835,0.9989
WALKING,0.9979231,0.998
WALKING_DOWNSTAIRS,0.9999746,1.0
WALKING_DOWNSTAIRS,0.9999248,0.9999
WALKING_DOWNSTAIRS,0.9999219,0.9999
WALKING_DOWNSTAIRS,0.9997284,0.9997
WALKING_DOWNSTAIRS,0.9985721,0.9986
WALKING_DOWNSTAIRS,0.99759007,0.9977
WALKING_DOWNSTAIRS,0.9996712,0.9997
WALKING_DOWNSTAIRS,0.99915683,0.9992
WALKING_DOWNSTAIRS,0.99813783,0.9982
WALKING_DOWNSTAIRS,0.9990539,0.9991
WALKING_DOWNSTAIRS,0.9998572,0.9999
WALKING_DOWNSTAIRS,0.99820006,0.9983
WALKING_DOWNSTAIRS,0.99539244,0.9956
WALKING,0.46933082,0.4959
WALKING_DOWNSTAIRS,0.9999801,1.0
WALKING_DOWNSTAIRS,0.9999895,1.0
WALKING_DOWNSTAIRS,0.99999225,1.0
WALKING_DOWNSTAIRS,0.9999714,1.0
WALKING_DOWNSTAIRS,0.99959916,0.9996
WALKING_DOWNSTAIRS,0.9992093,0.9992
WALKING_UPSTAIRS,0.99399734,0.9943
WALKING_UPSTAIRS,0.99974114,0.9998
WALKING_UPSTAIRS,0.99992573,0.9999
WALKING_UPSTAIRS,0.99987674,0.9999
WALKING_UPSTAIRS,0.99985576,0.9999
WALKING_UPSTAIRS,0.99969983,0.9997
WALKING_UPSTAIRS,0.9958183,0.996
WALKING_UPSTAIRS,0.99952614,0.9995
WALKING_UPSTAIRS,0.9994382,0.9995
WALKING_UPSTAIRS,0.999668,0.9997
WALKING_UPSTAIRS,0.9994211,0.9995
WALKING_UPSTAIRS,0.9995467,0.9996
WALKING_UPSTAIRS,0.9997148,0.9997
WALKING_UPSTAIRS,0.9987325,0.9988
WALKING_UPSTAIRS,0.99983394,0.9998
WALKING_UPSTAIRS,0.9999144,0.9999
WALKING_UPSTAIRS,0.9977538,0.9979
WALKING_UPSTAIRS,0.9984957,0.9986
WALKING_UPSTAIRS,0.9990397,0.9991
WALKING_UPSTAIRS,0.9995871,0.9996
WALKING_UPSTAIRS,0.9778527,0.979
WALKING_UPSTAIRS,0.9998816,0.9999
WALKING_UPSTAIRS,0.9997842,0.9998
WALKING_UPSTAIRS,0.9996512,0.9997
STANDING,0.99989283,0.9999
STANDING,0.99852943,0.9986
STANDING,0.9949492,0.9952
STANDING,0.9989189,0.999
STANDING,0.99053746,0.991
STANDING,0.9768282,0.978
STANDING,0.93844134,0.9415
STANDING,0.9887649,0.9893
STANDING,0.9992256,0.9993
STANDING,0.9996841,0.9997
STANDING,0.999951,1.0
STANDING,0.9998202,0.9998
STANDING,0.9981823,0.9983
STANDING,0.9995173,0.9995
STANDING,0.98953116,0.9901
STANDING,0.9987639,0.9988
STANDING,0.99983037,0.9998
STANDING,0.9997906,0.9998
STANDING,0.999884,0.9999
STANDING,0.99990284,0.9999
STANDING,0.9994618,0.9995
STANDING,0.9995435,0.9996
STANDING,0.99921703,0.9993
STANDING,0.9997117,0.9997
STANDING,0.9999503,1.0
STANDING,0.99988973,0.9999
STANDING,0.9968645,0.997
STANDING,0.99784935,0.998
STANDING,0.99558544,0.9958
STANDING,0.99953187,0.9996
STANDING,0.9996306,0.9996
STANDING,0.9987649,0.9988
STANDING,0.99973553,0.9997
STANDING,0.99990034,0.9999
STANDING,0.99990034,0.9999
STANDING,0.9991992,0.9992
STANDING,0.9928195,0.9932
STANDING,0.99916005,0.9992
STANDING,0.9992755,0.9993
STANDING,0.9994311,0.9995
SITTING,0.999653,0.9997
SITTING,0.999705,0.9997
SITTING,0.9996227,0.9996
SITTING,0.9994462,0.9995
SITTING,0.9995827,0.9996
SITTING,0.9948992,0.9952
SITTING,0.9922603,0.9926
SITTING,0.9994252,0.9995
SITTING,0.9994894,0.9995
SITTING,0.99939144,0.9994
SITTING,0.9987864,0.9988
SITTING,0.9984819,0.9986
SITTING,0.999616,0.9996
SITTING,0.99820745,0.9983
SITTING,0.9864913,0.9872
SITTING,0.9992094,0.9992
SITTING,0.99832624,0.9984
SITTING,0.95751435,0.9596
SITTING,0.985767,0.9865
SITTING,0.9975535,0.9977
SITTING,0.9980952,0.9982
SITTING,0.99327916,0.9936
SITTING,0.9929853,0.9933
SITTING,0.97205913,0.9735
SITTING,0.97922313,0.9803
SITTING,0.79392457,0.8042
SITTING,0.9971668,0.9973
SITTING,0.99830246,0.9984
SITTING,0.94582564,0.9485
SITTING,0.95470065,0.957
LAYING,0.9993777,0.9994
LAYING,0.99901676,0.9991
LAYING,0.999821,0.9998
LAYING,0.999705,0.9997
LAYING,0.9998272,0.9998
LAYING,0.9997217,0.9997
LAYING,0.9998518,0.9999
LAYING,0.99970704,0.9997
LAYING,0.9998267,0.9998
LAYING,0.9999114,0.9999
LAYING,0.9998653,0.9999
LAYING,0.9998135,0.9998
LAYING,0.99970144,0.9997
LAYING,0.9998072,0.9998
LAYING,0.99957675,0.9996
LAYING,0.99846196,0.9985
LAYING,0.9985258,0.9986
LAYING,0.9994223,0.9995
LAYING,0.99975723,0.9998
LAYING,0.9995437,0.9996
LAYING,0.99955803,0.9996
LAYING,0.9995945,0.9996
LAYING,0.99926466,0.9993
LAYING,0.99950325,0.9995
LAYING,0.9996716,0.9997
LAYING,0.9986571,0.9987
LAYING,0.99960023,0.9996
LAYING,0.99965584,0.9997
LAYING,0.9995453,0.9996
LAYING,0.9997009,0.9997
LAYING,0.99976844,0.9998
LAYING,0.99970883,0.9997
WALKING,0.99974316,0.9998
WALKING,0.99982053,0.9998
WALKING,0.99943036,0.9995
WALKING,0.9991424,0.9992
WALKING,0.99885285,0.9989
WALKING,0.9993166,0.9994
WALKING,0.9997907,0.9998
WALKING,0.9995511,0.9996
WALKING,0.999328,0.9994
WALKING,0.99966514,0.9997
WALKING,0.99961,0.9996
WALKING,0.9997056,0.9997
WALKING,0.99975723,0.9998
WALKING,0.9996164,0.9996
WALKING,0.9993364,0.9994
WALKING,0.9996418,0.9997
WALKING,0.99970394,0.9997
WALKING,0.9998821,0.9999
WALKING,0.9997726,0.9998
WALKING,0.9993999,0.9994
WALKING,0.99977285,0.9998
WALKING,0.9996482,0.9997
WALKING,0.9995499,0.9996
WALKING,0.9998456,0.9999
WALKING,0.9995535,0.9996
WALKING,0.9997063,0.9997
WALKING,0.99985385,0.9999
WALKING,0.9997024,0.9997
WALKING,0.99971646,0.9997
WALKING_DOWNSTAIRS,0.9297163,0.9332
WALKING_DOWNSTAIRS,0.96524715,0.967
WALKING_DOWNSTAIRS,0.99598217,0.9962
WALKING_DOWNSTAIRS,0.99342865,0.9938
WALKING_DOWNSTAIRS,0.99825805,0.9983
WALKING_DOWNSTAIRS,0.9944457,0.9947
WALKING_DOWNSTAIRS,0.9464027,0.9491
WALKING_DOWNSTAIRS,0.9571479,0.9593
WALKING_DOWNSTAIRS,0.99601644,0.9962
WALKING_DOWNSTAIRS,0.98818004,0.9888
WALKING_UPSTAIRS,0.9991111,0.9992
WALKING_UPSTAIRS,0.999742,0.9998
WALKING_UPSTAIRS,0.99982375,0.9998
WALKING_UPSTAIRS,0.9995227,0.9995
WALKING_UPSTAIRS,0.9998456,0.9999
WALKING_UPSTAIRS,0.99971205,0.9997
WALKING_UPSTAIRS,0.99984133,0.9998
WALKING_UPSTAIRS,0.99945897,0.9995
WALKING_UPSTAIRS,0.9979989,0.9981
WALKING_UPSTAIRS,0.99912757,0.9992
WALKING_DOWNSTAIRS,0.9491886,0.9517
WALKING_DOWNSTAIRS,0.98722583,0.9879
WALKING_DOWNSTAIRS,0.92140377,0.9253
WALKING_DOWNSTAIRS,0.9513303,0.9538
WALKING_DOWNSTAIRS,0.97759444,0.9787
WALKING_DOWNSTAIRS,0.9987997,0.9989
WALKING_DOWNSTAIRS,0.9968315,0.997
WALKING_DOWNSTAIRS,0.99538994,0.9956
WALKING_DOWNSTAIRS,0.95686233,0.959
WALKING_UPSTAIRS,0.9993197,0.9994
WALKING_UPSTAIRS,0.99820995,0.9983
WALKING_UPSTAIRS,0.9998417,0.9998
WALKING_UPSTAIRS,0.9996263,0.9996
WALKING_UPSTAIRS,0.9994324,0.9995
WALKING_UPSTAIRS,0.9996884,0.9997
WALKING_UPSTAIRS,0.9989336,0.999
WALKING_UPSTAIRS,0.9986939,0.9988
WALKING_UPSTAIRS,0.99864775,0.9987
WALKING_DOWNSTAIRS,0.9277898,0.9314
WALKING_DOWNSTAIRS,0.99200153,0.9924
WALKING_DOWNSTAIRS,0.990862,0.9913
WALKING_DOWNSTAIRS,0.48993716,0.5154
WALKING_DOWNSTAIRS,0.91852635,0.9226
WALKING_DOWNSTAIRS,0.99530977,0.9955
WALKING_DOWNSTAIRS,0.99580586,0.996
WALKING_DOWNSTAIRS,0.99011844,0.9906
WALKING_DOWNSTAIRS,0.979572,0.9806
WALKING_UPSTAIRS,0.9992638,0.9993
WALKING_UPSTAIRS,0.99918336,0.9992
WALKING_UPSTAIRS,0.9994603,0.9995
WALKING_UPSTAIRS,0.9997155,0.9997
WALKING_UPSTAIRS,0.9988925,0.9989
WALKING_UPSTAIRS,0.99907047,0.9991
WALKING_UPSTAIRS,0.9998109,0.9998
WALKING_UPSTAIRS,0.99975973,0.9998
WALKING_UPSTAIRS,0.9996836,0.9997
WALKING_UPSTAIRS,0.9997067,0.9997
STANDING,0.998423,0.9985
STANDING,0.9984914,0.9986
STANDING,0.9987494,0.9988
STANDING,0.99750525,0.9976
STANDING,0.9995409,0.9996
STANDING,0.9941155,0.9944
STANDING,0.9619526,0.9639
STANDING,0.998212,0.9983
STANDING,0.940007,0.943
STANDING,0.9186956,0.9228
STANDING,0.89319617,0.8985
STANDING,0.9993487,0.9994
STANDING,0.9973966,0.9975
STANDING,0.9816621,0.9826
STANDING,0.99955255,0.9996
STANDING,0.99837756,0.9985
STANDING,0.9995994,0.9996
STANDING,0.9998851,0.9999
STANDING,0.9955087,0.9957
STANDING,0.9871989,0.9878
STANDING,0.98144835,0.9824
STANDING,0.99792224,0.998
STANDING,0.98076564,0.9817
STANDING,0.99219394,0.9926
STANDING,0.9990933,0.9991
STANDING,0.999686,0.9997
STANDING,0.99984527,0.9999
STANDING,0.99931884,0.9994
STANDING,0.91148895,0.9159
STANDING,0.95732784,0.9595
STANDING,0.9984895,0.9986
STANDING,0.9624887,0.9644
STANDING,0.9777439,0.9789
SITTING,0.9992111,0.9993
SITTING,0.9982439,0.9983
SITTING,0.99864,0.9987
SITTING,0.9823512,0.9832
SITTING,0.99818414,0.9983
SITTING,0.9961851,0.9964
SITTING,0.9980825,0.9982
SITTING,0.99920064,0.9992
SITTING,0.9979163,0.998
SITTING,0.9533562,0.9557
SITTING,0.9980584,0.9982
SITTING,0.9991284,0.9992
SITTING,0.998811,0.9989
SITTING,0.9934511,0.9938
SITTING,0.97482467,0.9761
SITTING,0.94686043,0.9495
SITTING,0.55958563,0.5816
SITTING,0.7223535,0.7362
SITTING,0.9959245,0.9961
SITTING,0.99545693,0.9957
SITTING,0.9992718,0.9993
SITTING,0.98134196,0.9823
SITTING,0.990053,0.9906
SITTING,0.99437666,0.9947
SITTING,0.9962049,0.9964
SITTING,0.99615544,0.9963
SITTING,0.56431854,0.5861
LAYING,0.99925,0.9993
LAYING,0.9994665,0.9995
LAYING,0.9995993,0.9996
LAYING,0.99942183,0.9995
LAYING,0.9985733,0.9986
LAYING,0.99611413,0.9963
LAYING,0.9996307,0.9996
LAYING,0.9996611,0.9997
LAYING,0.9997824,0.9998
LAYING,0.9997875,0.9998
LAYING,0.9995974,0.9996
LAYING,0.99948776,0.9995
LAYING,0.9995425,0.9996
LAYING,0.9996388,0.9997
LAYING,0.9996898,0.9997
LAYING,0.999686,0.9997
LAYING,0.99947137,0.9995
LAYING,0.9974431,0.9976
LAYING,0.99656713,0.9967
LAYING,0.9987772,0.9988
LAYING,0.9990778,0.9991
LAYING,0.9986959,0.9988
LAYING,0.99585164,0.9961
LAYING,0.9989812,0.999
LAYING,0.9986237,0.9987
LAYING,0.9981949,0.9983
LAYING,0.99839574,0.9985
LAYING,0.9989213,0.999
LAYING,0.99789536,0.998
LAYING,0.99786806,0.998
LAYING,0.9995022,0.9995
LAYING,0.99912184,0.9992
LAYING,0.99869776,0.9988
WALKING,0.99826837,0.9984
WALKING,0.9985507,0.9986
WALKING,0.9987984,0.9989
WALKING,0.99911255,0.9992
WALKING,0.9991192,0.9992
WALKING,0.99944717,0.9995
WALKING,0.99975425,0.9998
WALKING,0.99708825,0.9972
WALKING,0.99924076,0.9993
WALKING,0.99962556,0.9996
WALKING,0.9994407,0.9995
WALKING,0.9973807,0.9975
WALKING,0.9994536,0.9995
WALKING,0.9995018,0.9995
WALKING,0.9991399,0.9992
WALKING,0.998857,0.9989
WALKING,0.999286,0.9993
WALKING,0.9994087,0.9994
WALKING,0.9989073,0.999
WALKING,0.9997205,0.9997
WALKING,0.99975246,0.9998
WALKING,0.9992342,0.9993
WALKING,0.9995003,0.9995
WALKING,0.99904317,0.9991
WALKING,0.99969053,0.9997
WALKING,0.99974626,0.9998
WALKING,0.9989549,0.999
WALKING_DOWNSTAIRS,0.9813053,0.9822
WALKING_DOWNSTAIRS,0.9959478,0.9962
WALKING_DOWNSTAIRS,0.997758,0.9979
WALKING_DOWNSTAIRS,0.9975593,0.9977
WALKING_DOWNSTAIRS,0.9927006,0.9931
WALKING_DOWNSTAIRS,0.98473513,0.9855
WALKING_DOWNSTAIRS,0.9419763,0.9449
WALKING_DOWNSTAIRS,0.98950154,0.99
WALKING_DOWNSTAIRS,0.99385685,0.9942
WALKING_DOWNSTAIRS,0.76631266,0.778
WALKING_DOWNSTAIRS,0.7636596,0.7755
WALKING_UPSTAIRS,0.76088136,0.7728
WALKING_UPSTAIRS,0.9215614,0.9255
WALKING_UPSTAIRS,0.8880606,0.8937
WALKING_UPSTAIRS,0.9443807,0.9472
WALKING_UPSTAIRS,0.69163024,0.707
WALKING_UPSTAIRS,0.91031724,0.9148
WALKING_DOWNSTAIRS,0.95576906,0.958
WALKING_UPSTAIRS,0.9987882,0.9988
WALKING_UPSTAIRS,0.999863,0.9999
WALKING_UPSTAIRS,0.99992514,0.9999
WALKING_UPSTAIRS,0.99974686,0.9998
WALKING_UPSTAIRS,0.9997873,0.9998
WALKING_UPSTAIRS,0.99990153,0.9999
WALKING_UPSTAIRS,0.9997336,0.9997
WALKING_UPSTAIRS,0.9996315,0.9996
WALKING_UPSTAIRS,0.99969316,0.9997
WALKING_UPSTAIRS,0.9974154,0.9975
WALKING_UPSTAIRS,0.9996178,0.9996
WALKING_UPSTAIRS,0.99946886,0.9995
WALKING_UPSTAIRS,0.99974674,0.9998
WALKING_UPSTAIRS,0.9998765,0.9999
WALKING_UPSTAIRS,0.99995303,1.0
WALKING_UPSTAIRS,0.9996977,0.9997
WALKING_UPSTAIRS,0.99962926,0.9996
WALKING_UPSTAIRS,0.99986494,0.9999
WALKING_UPSTAIRS,0.9997693,0.9998
WALKING_UPSTAIRS,0.9995484,0.9996
WALKING_UPSTAIRS,0.9990257,0.9991
WALKING_UPSTAIRS,0.9993243,0.9994
WALKING_UPSTAIRS,0.9995641,0.9996
WALKING_UPSTAIRS,0.99990964,0.9999
WALKING_UPSTAIRS,0.9999101,0.9999
WALKING_UPSTAIRS,0.99990225,0.9999
WALKING_UPSTAIRS,0.99972826,0.9997
WALKING_UPSTAIRS,0.9994947,0.9995
WALKING_UPSTAIRS,0.99927384,0.9993
WALKING_DOWNSTAIRS,0.90686196,0.9115
WALKING_DOWNSTAIRS,0.96972555,0.9712
WALKING_DOWNSTAIRS,0.99829394,0.9984
WALKING_DOWNSTAIRS,0.99970704,0.9997
WALKING_DOWNSTAIRS,0.9977816,0.9979
WALKING_UPSTAIRS,0.86772186,0.8743
WALKING_DOWNSTAIRS,0.98032117,0.9813
WALKING_DOWNSTAIRS,0.9988796,0.9989
WALKING_DOWNSTAIRS,0.9946343,0.9949
STANDING,0.9604471,0.9624
STANDING,0.9997906,0.9998
STANDING,0.9999436,0.9999
STANDING,0.9997223,0.9997
STANDING,0.9998684,0.9999
STANDING,0.9984256,0.9985
STANDING,0.99747926,0.9976
STANDING,0.9993235,0.9994
STANDING,0.9997726,0.9998
STANDING,0.9956381,0.9959
STANDING,0.9989562,0.999
STANDING,0.9621828,0.9641
STANDING,0.9136722,0.918
STANDING,0.97551745,0.9767
STANDING,0.95865566,0.9607
STANDING,0.9914034,0.9918
STANDING,0.9599586,0.962
STANDING,0.9982698,0.9984
STANDING,0.9926603,0.993
STANDING,0.97971904,0.9807
STANDING,0.9297603,0.9333
STANDING,0.996965,0.9971
STANDING,0.9853894,0.9861
STANDING,0.8768991,0.8831
STANDING,0.99190336,0.9923
STANDING,0.9999819,1.0
STANDING,0.9996146,0.9996
STANDING,0.99681014,0.997
STANDING,0.99948275,0.9995
STANDING,0.99990296,0.9999
STANDING,0.9997695,0.9998
STANDING,0.99986315,0.9999
STANDING,0.9999602,1.0
STANDING,0.9999138,0.9999
STANDING,0.9999087,0.9999
STANDING,0.9996282,0.9996
STANDING,0.9825644,0.9834
STANDING,0.98778605,0.9884
SITTING,0.9988953,0.999
SITTING,0.9990201,0.9991
SITTING,0.99813324,0.9982
SITTING,0.9900328,0.9905
SITTING,0.9976452,0.9978
SITTING,0.99343735,0.9938
SITTING,0.9955344,0.9958
SITTING,0.9966462,0.9968
SITTING,0.9955545,0.9958
SITTING,0.9970594,0.9972
SITTING,0.99541414,0.9956
SITTING,0.99883777,0.9989
SITTING,0.99952114,0.9995
SITTING,0.9996598,0.9997
SITTING,0.999806,0.9998
SITTING,0.9991462,0.9992
SITTING,0.99521685,0.9955
SITTING,0.9996214,0.9996
SITTING,0.9997383,0.9998
SITTING,0.99972683,0.9997
SITTING,0.9955149,0.9957
SITTING,0.99779296,0.9979
SITTING,0.99497616,0.9952
SITTING,0.9618452,0.9638
SITTING,0.8795097,0.8855
STANDING,0.5687472,0.5903
SITTING,0.7641256,0.7759
STANDING,0.8286214,0.8372
SITTING,0.7558192,0.768
SITTING,0.90448743,0.9093
SITTING,0.99304163,0.9934
SITTING,0.99886715,0.9989
SITTING,0.9636564,0.9655
SITTING,0.9772818,0.9784
SITTING,0.9921014,0.9925
SITTING,0.9595345,0.9616
LAYING,0.9996575,0.9997
LAYING,0.99969256,0.9997
LAYING,0.9996346,0.9997
LAYING,0.9993055,0.9993
LAYING,0.99984896,0.9999
LAYING,0.9999449,0.9999
LAYING,0.9999422,0.9999
LAYING,0.99991417,0.9999
LAYING,0.99992824,0.9999
LAYING,0.999819,0.9998
LAYING,0.9998461,0.9999
LAYING,0.99989665,0.9999
LAYING,0.99994195,0.9999
LAYING,0.99994755,1.0
LAYING,0.99991655,0.9999
LAYING,0.9999336,0.9999
LAYING,0.9998344,0.9998
LAYING,0.999946,0.9999
LAYING,0.999892,0.9999
LAYING,0.9999255,0.9999
LAYING,0.9998714,0.9999
LAYING,0.9996393,0.9997
LAYING,0.9996786,0.9997
LAYING,0.9995492,0.9996
LAYING,0.9997582,0.9998
LAYING,0.99941456,0.9994
LAYING,0.9999465,0.9999
LAYING,0.9998971,0.9999
LAYING,0.9998468,0.9999
LAYING,0.9997036,0.9997
LAYING,0.9997658,0.9998
WALKING,0.99382025,0.9941
WALKING,0.99865097,0.9987
WALKING,0.99985456,0.9999
WALKING,0.9997199,0.9997
WALKING,0.99979776,0.9998
WALKING,0.9997261,0.9997
WALKING,0.9987286,0.9988
WALKING,0.99840975,0.9985
WALKING,0.99878865,0.9988
WALKING,0.9950546,0.9953
WALKING,0.99506515,0.9953
WALKING,0.9977356,0.9978
WALKING,0.9995421,0.9996
WALKING,0.99945813,0.9995
WALKING,0.99747366,0.9976
WALKING,0.9985611,0.9986
WALKING,0.99912137,0.9992
WALKING,0.9995191,0.9995
WALKING,0.99976426,0.9998
WALKING,0.99786794,0.998
WALKING,0.99625254,0.9964
WALKING,0.8579389,0.865
WALKING,0.9989354,0.999
WALKING,0.99637043,0.9966
WALKING,0.92552114,0.9292
WALKING,0.9938081,0.9941
WALKING,0.9994623,0.9995
WALKING_DOWNSTAIRS,0.9997657,0.9998
WALKING_DOWNSTAIRS,0.9999584,1.0
WALKING_DOWNSTAIRS,0.9999498,1.0
WALKING_DOWNSTAIRS,0.99985576,0.9999
WALKING_DOWNSTAIRS,0.9998547,0.9999
WALKING_DOWNSTAIRS,0.9994178,0.9994
WALKING_DOWNSTAIRS,0.9996076,0.9996
WALKING_DOWNSTAIRS,0.99795246,0.9981
WALKING_DOWNSTAIRS,0.9952479,0.9955
WALKING_DOWNSTAIRS,0.99959594,0.9996
WALKING_DOWNSTAIRS,0.99957925,0.9996
WALKING_DOWNSTAIRS,0.9989806,0.999
WALKING_DOWNSTAIRS,0.9146587,0.9189
WALKING_DOWNSTAIRS,0.9401481,0.9431
WALKING_DOWNSTAIRS,0.9994742,0.9995
WALKING_DOWNSTAIRS,0.49898788,0.524
WALKING,0.40519986,0.4349
WALKING_DOWNSTAIRS,0.9928711,0.9932
WALKING_DOWNSTAIRS,0.9990501,0.9991
WALKING_DOWNSTAIRS,0.9945156,0.9948
WALKING_DOWNSTAIRS,0.96727264,0.9689
WALKING_DOWNSTAIRS,0.99496055,0.9952
WALKING_UPSTAIRS,0.97255987,0.9739
WALKING_UPSTAIRS,0.97015566,0.9716
WALKING_UPSTAIRS,0.9997087,0.9997
WALKING_UPSTAIRS,0.99948716,0.9995
WALKING_UPSTAIRS,0.9997191,0.9997
WALKING_UPSTAIRS,0.9997868,0.9998
WALKING_UPSTAIRS,0.99765956,0.9978
WALKING_UPSTAIRS,0.9945135,0.9948
WALKING_UPSTAIRS,0.9898594,0.9904
WALKING_UPSTAIRS,0.9659986,0.9677
WALKING_UPSTAIRS,0.8099978,0.8195
WALKING_UPSTAIRS,0.9466013,0.9493
WALKING_UPSTAIRS,0.9975803,0.9977
WALKING_UPSTAIRS,0.9994148,0.9994
WALKING_UPSTAIRS,0.99858654,0.9987
WALKING_UPSTAIRS,0.9964288,0.9966
WALKING_UPSTAIRS,0.99781585,0.9979
WALKING_UPSTAIRS,0.99521965,0.9955
WALKING_UPSTAIRS,0.9809365,0.9819
WALKING_UPSTAIRS,0.9974196,0.9975
WALKING_UPSTAIRS,0.9980527,0.9982
WALKING_UPSTAIRS,0.9994332,0.9995
WALKING_UPSTAIRS,0.9994319,0.9995
WALKING_UPSTAIRS,0.9995796,0.9996
WALKING_UPSTAIRS,0.9993405,0.9994
WALKING_UPSTAIRS,0.9997118,0.9997
STANDING,0.9812091,0.9821
STANDING,0.9949936,0.9952
STANDING,0.99921227,0.9993
STANDING,0.9997279,0.9997
STANDING,0.99985385,0.9999
STANDING,0.9998977,0.9999
STANDING,0.9998621,0.9999
STANDING,0.9996214,0.9996
STANDING,0.99994457,0.9999
STANDING,0.9999335,0.9999
STANDING,0.99990296,0.9999
STANDING,0.99992883,0.9999
STANDING,0.9997775,0.9998
STANDING,0.9997004,0.9997
STANDING,0.9998678,0.9999
STANDING,0.9993517,0.9994
STANDING,0.9985599,0.9986
STANDING,0.99997175,1.0
STANDING,0.99992716,0.9999
STANDING,0.996953,0.9971
STANDING,0.9930992,0.9934
STANDING,0.99631184,0.9965
STANDING,0.9998418,0.9998
STANDING,0.9996137,0.9996
STANDING,0.99977416,0.9998
STANDING,0.99979025,0.9998
STANDING,0.9999379,0.9999
STANDING,0.9999238,0.9999
STANDING,0.99990666,0.9999
STANDING,0.9998692,0.9999
STANDING,0.9996176,0.9996
STANDING,0.99978584,0.9998
STANDING,0.9999292,0.9999
STANDING,0.999388,0.9994
STANDING,0.9989489,0.999
SITTING,0.9780935,0.9792
SITTING,0.88090885,0.8869
SITTING,0.8561301,0.8633
STANDING,0.5548957,0.5772
SITTING,0.9429933,0.9458
SITTING,0.8857978,0.8915
SITTING,0.8978631,0.903
SITTING,0.99618334,0.9964
SITTING,0.99870014,0.9988
SITTING,0.99416345,0.9945
SITTING,0.9752951,0.9765
SITTING,0.6833196,0.6992
SITTING,0.55968624,0.5817
SITTING,0.9990396,0.9991
SITTING,0.99564856,0.9959
SITTING,0.9948198,0.9951
SITTING,0.96241295,0.9643
SITTING,0.92336756,0.9272
SITTING,0.94325066,0.9461
SITTING,0.9603332,0.9623
SITTING,0.7810467,0.792
SITTING,0.76906466,0.7806
STANDING,0.64364207,0.6615
SITTING,0.49860355,0.5237
SITTING,0.96073943,0.9627
SITTING,0.8665303,0.8732
SITTING,0.95084655,0.9533
SITTING,0.9436562,0.9465
SITTING,0.95306474,0.9554
SITTING,0.7630245,0.7749
LAYING,0.9973495,0.9975
LAYING,0.9994147,0.9994
LAYING,0.99919504,0.9992
LAYING,0.99947804,0.9995
LAYING,0.99897826,0.999
LAYING,0.9991635,0.9992
LAYING,0.9986418,0.9987
LAYING,0.99841,0.9985
LAYING,0.9994797,0.9995
LAYING,0.99896586,0.999
LAYING,0.99833554,0.9984
LAYING,0.9994912,0.9995
LAYING,0.99977154,0.9998
LAYING,0.99948394,0.9995
LAYING,0.9994511,0.9995
LAYING,0.99952006,0.9995
LAYING,0.9997465,0.9998
LAYING,0.9998939,0.9999
LAYING,0.9998061,0.9998
LAYING,0.99993837,0.9999
LAYING,0.99988043,0.9999
LAYING,0.99991095,0.9999
LAYING,0.99980205,0.9998
LAYING,0.99993384,0.9999
LAYING,0.9999423,0.9999
LAYING,0.99994993,1.0
LAYING,0.99957544,0.9996
LAYING,0.99994373,0.9999
LAYING,0.99993896,0.9999
LAYING,0.9999732,1.0
LAYING,0.9999529,1.0
LAYING,0.9999169,0.9999
LAYING,0.9999733,1.0
LAYING,0.999933,0.9999
LAYING,0.9999728,1.0
LAYING,0.9999505,1.0
LAYING,0.9999398,0.9999
WALKING,0.9400774,0.9431
WALKING,0.99782467,0.9979
WALKING,0.72900355,0.7426
WALKING,0.94314766,0.946
WALKING,0.983878,0.9847
WALKING,0.9926347,0.993
WALKING,0.9991697,0.9992
WALKING,0.98861545,0.9892
WALKING,0.97869736,0.9798
WALKING_UPSTAIRS,0.79319835,0.8035
WALKING_UPSTAIRS,0.5319557,0.5554
WALKING,0.95847404,0.9606
WALKING,0.9952095,0.9954
WALKING,0.628717,0.6473
WALKING_UPSTAIRS,0.8702903,0.8768
WALKING_UPSTAIRS,0.74887395,0.7614
WALKING,0.9475282,0.9502
WALKING,0.99435633,0.9946
WALKING,0.88612306,0.8918
WALKING,0.9921687,0.9926
WALKING,0.9943064,0.9946
WALKING,0.96236646,0.9642
WALKING,0.96359867,0.9654
WALKING,0.99805105,0.9981
WALKING_DOWNSTAIRS,0.8918401,0.8972
WALKING_UPSTAIRS,0.68605137,0.7017
WALKING_DOWNSTAIRS,0.99579203,0.996
WALKING_DOWNSTAIRS,0.9990165,0.9991
WALKING_DOWNSTAIRS,0.9986181,0.9987
WALKING_DOWNSTAIRS,0.9972275,0.9974
WALKING_DOWNSTAIRS,0.66394717,0.6807
WALKING_UPSTAIRS,0.80721015,0.8168
WALKING_UPSTAIRS,0.57946545,0.6005
WALKING_DOWNSTAIRS,0.8929749,0.8983
WALKING_DOWNSTAIRS,0.9495923,0.9521
WALKING_DOWNSTAIRS,0.983269,0.9841
WALKING_UPSTAIRS,0.8415685,0.8495
WALKING_DOWNSTAIRS,0.5670024,0.5887
WALKING_DOWNSTAIRS,0.7697282,0.7812
WALKING_DOWNSTAIRS,0.89948595,0.9045
WALKING_DOWNSTAIRS,0.80105954,0.811
WALKING_DOWNSTAIRS,0.9685469,0.9701
WALKING_DOWNSTAIRS,0.98316884,0.984
WALKING_DOWNSTAIRS,0.65838784,0.6755
WALKING_DOWNSTAIRS,0.8875314,0.8932
WALKING_DOWNSTAIRS,0.94912994,0.9517
WALKING_DOWNSTAIRS,0.95796925,0.9601
WALKING_UPSTAIRS,0.9989309,0.999
WALKING_UPSTAIRS,0.94141024,0.9443
WALKING_UPSTAIRS,0.9998293,0.9998
WALKING_UPSTAIRS,0.9997961,0.9998
WALKING_UPSTAIRS,0.9995472,0.9996
WALKING_UPSTAIRS,0.99353987,0.9939
WALKING_UPSTAIRS,0.954084,0.9564
WALKING_UPSTAIRS,0.9962509,0.9964
WALKING_UPSTAIRS,0.9993967,0.9994
WALKING_UPSTAIRS,0.9995982,0.9996
WALKING_UPSTAIRS,0.9982375,0.9983
WALKING_UPSTAIRS,0.99775654,0.9979
WALKING_UPSTAIRS,0.9473619,0.95
WALKING_UPSTAIRS,0.9985807,0.9987
WALKING_UPSTAIRS,0.9995566,0.9996
WALKING_UPSTAIRS,0.9995895,0.9996
WALKING_UPSTAIRS,0.9954716,0.9957
WALKING_UPSTAIRS,0.99278766,0.9931
WALKING_UPSTAIRS,0.9949551,0.9952
WALKING_UPSTAIRS,0.99875367,0.9988
WALKING_UPSTAIRS,0.99820626,0.9983
WALKING_UPSTAIRS,0.99970275,0.9997
WALKING_UPSTAIRS,0.9994325,0.9995
WALKING_UPSTAIRS,0.99780124,0.9979
WALKING_UPSTAIRS,0.9854117,0.9861
STANDING,0.9937483,0.9941
STANDING,0.99871504,0.9988
STANDING,0.99123806,0.9917
STANDING,0.9506542,0.9531
STANDING,0.995414,0.9956
STANDING,0.99497473,0.9952
STANDING,0.996626,0.9968
STANDING,0.998558,0.9986
STANDING,0.99716574,0.9973
STANDING,0.9981495,0.9982
STANDING,0.994294,0.9946
STANDING,0.9827355,0.9836
STANDING,0.99862134,0.9987
STANDING,0.99310994,0.9935
STANDING,0.9014484,0.9064
STANDING,0.9665917,0.9683
STANDING,0.74923664,0.7618
STANDING,0.9930506,0.9934
STANDING,0.9939254,0.9942
STANDING,0.9831587,0.984
STANDING,0.9982742,0.9984
STANDING,0.9959735,0.9962
STANDING,0.99774265,0.9979
STANDING,0.99959594,0.9996
STANDING,0.99906284,0.9991
STANDING,0.98955745,0.9901
STANDING,0.9836414,0.9845
STANDING,0.9987148,0.9988
STANDING,0.9997538,0.9998
STANDING,0.99983287,0.9998
STANDING,0.9985121,0.9986
STANDING,0.96560293,0.9673
SITTING,0.6007501,0.6207
SITTING,0.995484,0.9957
SITTING,0.99933124,0.9994
SITTING,0.99968064,0.9997
SITTING,0.9990533,0.9991
SITTING,0.99812263,0.9982
SITTING,0.99878997,0.9989
SITTING,0.99876887,0.9988
SITTING,0.9977798,0.9979
SITTING,0.9975527,0.9977
SITTING,0.9980769,0.9982
SITTING,0.99930584,0.9993
SITTING,0.99951684,0.9995
SITTING,0.99954504,0.9996
SITTING,0.9983713,0.9985
SITTING,0.9995764,0.9996
SITTING,0.9994998,0.9995
SITTING,0.9989498,0.999
SITTING,0.99409014,0.9944
SITTING,0.99766576,0.9978
SITTING,0.99831784,0.9984
SITTING,0.9716663,0.9731
SITTING,0.9654148,0.9671
SITTING,0.99942505,0.9995
SITTING,0.999268,0.9993
SITTING,0.9838419,0.9846
SITTING,0.9976035,0.9977
SITTING,0.99707496,0.9972
SITTING,0.994605,0.9949
SITTING,0.9916735,0.9921
SITTING,0.9927839,0.9931
SITTING,0.9991543,0.9992
SITTING,0.99912196,0.9992
SITTING,0.99936897,0.9994
SITTING,0.99960274,0.9996
LAYING,0.999969,1.0
LAYING,0.9996001,0.9996
LAYING,0.9994771,0.9995
LAYING,0.99941003,0.9994
LAYING,0.99937975,0.9994
LAYING,0.9993618,0.9994
LAYING,0.9995493,0.9996
LAYING,0.9996599,0.9997
LAYING,0.99991167,0.9999
LAYING,0.9991492,0.9992
LAYING,0.9983625,0.9984
LAYING,0.9993488,0.9994
LAYING,0.9995459,0.9996
LAYING,0.9990503,0.9991
LAYING,0.9995982,0.9996
LAYING,0.9996592,0.9997
LAYING,0.9995726,0.9996
LAYING,0.9999161,0.9999
LAYING,0.99989045,0.9999
LAYING,0.99936587,0.9994
LAYING,0.9997063,0.9997
LAYING,0.9997873,0.9998
LAYING,0.99864,0.9987
LAYING,0.9996685,0.9997
LAYING,0.99978226,0.9998
LAYING,0.99983406,0.9998
LAYING,0.9997875,0.9998
LAYING,0.99980277,0.9998
LAYING,0.99964905,0.9997
LAYING,0.9997062,0.9997
LAYING,0.9998324,0.9998
LAYING,0.9998085,0.9998
LAYING,0.9998198,0.9998
LAYING,0.9997149,0.9997
LAYING,0.9991048,0.9991
LAYING,0.99992514,0.9999
WALKING,0.99983764,0.9998
WALKING,0.99990463,0.9999
WALKING,0.9998728,0.9999
WALKING,0.9996402,0.9997
WALKING,0.9996481,0.9997
WALKING,0.99935216,0.9994
WALKING,0.9998036,0.9998
WALKING,0.9997619,0.9998
WALKING,0.99932814,0.9994
WALKING,0.9994686,0.9995
WALKING,0.9996736,0.9997
WALKING,0.999619,0.9996
WALKING,0.9994999,0.9995
WALKING,0.9991105,0.9992
WALKING,0.9977718,0.9979
WALKING,0.99757046,0.9977
WALKING,0.99920267,0.9992
WALKING,0.99946684,0.9995
WALKING,0.99935836,0.9994
WALKING,0.9997948,0.9998
WALKING,0.9996588,0.9997
WALKING,0.99888664,0.9989
WALKING,0.9996075,0.9996
WALKING,0.9997924,0.9998
WALKING,0.999689,0.9997
WALKING,0.99959296,0.9996
WALKING,0.9996132,0.9996
WALKING,0.99962246,0.9996
WALKING_DOWNSTAIRS,0.9997098,0.9997
WALKING_DOWNSTAIRS,0.9992793,0.9993
WALKING_DOWNSTAIRS,0.9997861,0.9998
WALKING_DOWNSTAIRS,0.9992448,0.9993
WALKING_DOWNSTAIRS,0.99928004,0.9993
WALKING_DOWNSTAIRS,0.99992967,0.9999
WALKING_DOWNSTAIRS,0.9904924,0.991
WALKING_DOWNSTAIRS,0.9998747,0.9999
WALKING_DOWNSTAIRS,0.9905166,0.991
WALKING_DOWNSTAIRS,0.99770796,0.9978
WALKING_DOWNSTAIRS,0.99929464,0.9993
WALKING_DOWNSTAIRS,0.9997408,0.9998
WALKING_DOWNSTAIRS,0.99996126,1.0
WALKING_DOWNSTAIRS,0.9999,0.9999
WALKING_DOWNSTAIRS,0.9996008,0.9996
WALKING_DOWNSTAIRS,0.9997787,0.9998
WALKING_DOWNSTAIRS,0.9996086,0.9996
WALKING_DOWNSTAIRS,0.999933,0.9999
WALKING_DOWNSTAIRS,0.99971646,0.9997
WALKING_DOWNSTAIRS,0.9980823,0.9982
WALKING_DOWNSTAIRS,0.99615014,0.9963
WALKING_DOWNSTAIRS,0.9999461,0.9999
WALKING_DOWNSTAIRS,0.9915559,0.992
WALKING_DOWNSTAIRS,0.99938226,0.9994
WALKING_DOWNSTAIRS,0.9993886,0.9994
WALKING_DOWNSTAIRS,0.9987999,0.9989
WALKING_DOWNSTAIRS,0.9998987,0.9999
WALKING_UPSTAIRS,0.99320775,0.9935
WALKING_UPSTAIRS,0.99805695,0.9982
WALKING_UPSTAIRS,0.99158865,0.992
WALKING_UPSTAIRS,0.98459375,0.9854
WALKING_UPSTAIRS,0.93270695,0.9361
WALKING_UPSTAIRS,0.9043174,0.9091
WALKING_UPSTAIRS,0.99749017,0.9976
WALKING_UPSTAIRS,0.9987668,0.9988
WALKING_UPSTAIRS,0.99829215,0.9984
WALKING_UPSTAIRS,0.9304149,0.9339
WALKING_UPSTAIRS,0.997442,0.9976
WALKING_UPSTAIRS,0.9981065,0.9982
WALKING_UPSTAIRS,0.9987514,0.9988
WALKING_UPSTAIRS,0.9989662,0.999
WALKING_UPSTAIRS,0.9980027,0.9981
WALKING_UPSTAIRS,0.99941456,0.9994
WALKING_UPSTAIRS,0.99747556,0.9976
WALKING_UPSTAIRS,0.98942065,0.9899
WALKING_UPSTAIRS,0.9692207,0.9708
WALKING_UPSTAIRS,0.9926564,0.993
WALKING_UPSTAIRS,0.9939121,0.9942
WALKING_UPSTAIRS,0.9873842,0.988
WALKING_UPSTAIRS,0.99883515,0.9989
WALKING_UPSTAIRS,0.9993668,0.9994
WALKING_UPSTAIRS,0.98208356,0.983
WALKING_UPSTAIRS,0.9851071,0.9859
WALKING_UPSTAIRS,0.9988171,0.9989
WALKING_UPSTAIRS,0.991134,0.9916
WALKING_UPSTAIRS,0.9940069,0.9943
STANDING,0.9938886,0.9942
STANDING,0.9903362,0.9908
STANDING,0.9978242,0.9979
STANDING,0.9048118,0.9096
STANDING,0.5687431,0.5903
STANDING,0.990051,0.9905
STANDING,0.99597037,0.9962
STANDING,0.9868798,0.9875
STANDING,0.9814176,0.9823
STANDING,0.9984848,0.9986
STANDING,0.9984434,0.9985
STANDING,0.99900764,0.9991
STANDING,0.99944,0.9995
STANDING,0.99821234,0.9983
STANDING,0.9957569,0.996
STANDING,0.99923086,0.9993
STANDING,0.99961483,0.9996
STANDING,0.9984144,0.9985
STANDING,0.99892247,0.999
STANDING,0.99248415,0.9929
STANDING,0.9907821,0.9912
STANDING,0.99513704,0.9954
STANDING,0.99877745,0.9988
STANDING,0.9990356,0.9991
STANDING,0.99909234,0.9991
STANDING,0.9964553,0.9966
STANDING,0.9984585,0.9985
STANDING,0.99984515,0.9999
STANDING,0.99990106,0.9999
STANDING,0.9994367,0.9995
STANDING,0.9985191,0.9986
STANDING,0.9978721,0.998
STANDING,0.9993093,0.9993
STANDING,0.99759656,0.9977
STANDING,0.9973122,0.9974
STANDING,0.9954862,0.9957
SITTING,0.99806374,0.9982
SITTING,0.9998165,0.9998
SITTING,0.9998217,0.9998
SITTING,0.99972504,0.9997
SITTING,0.99963164,0.9997
SITTING,0.9996171,0.9996
SITTING,0.9988738,0.9989
SITTING,0.9968837,0.997
SITTING,0.99791914,0.998
SITTING,0.9998047,0.9998
SITTING,0.99967885,0.9997
SITTING,0.999798,0.9998
SITTING,0.99974984,0.9998
SITTING,0.99940515,0.9994
SITTING,0.99984944,0.9999
SITTING,0.999705,0.9997
SITTING,0.9981846,0.9983
SITTING,0.9988329,0.9989
SITTING,0.9853816,0.9861
SITTING,0.96230423,0.9642
SITTING,0.99592066,0.9961
SITTING,0.9980107,0.9981
SITTING,0.99814594,0.9982
SITTING,0.5154049,0.5396
SITTING,0.7306565,0.7441
SITTING,0.9974431,0.9976
SITTING,0.99971336,0.9997
SITTING,0.99866486,0.9987
SITTING,0.99435496,0.9946
SITTING,0.9915501,0.992
SITTING,0.95948035,0.9615
SITTING,0.73746544,0.7506
SITTING,0.98424697,0.985
SITTING,0.8702666,0.8768
LAYING,0.9993358,0.9994
LAYING,0.9997763,0.9998
LAYING,0.9997335,0.9997
LAYING,0.99969506,0.9997
LAYING,0.9996903,0.9997
LAYING,0.9998222,0.9998
LAYING,0.9997104,0.9997
LAYING,0.99949753,0.9995
LAYING,0.9992623,0.9993
LAYING,0.9995863,0.9996
LAYING,0.99967456,0.9997
LAYING,0.9997758,0.9998
LAYING,0.9996947,0.9997
LAYING,0.9996805,0.9997
LAYING,0.9998246,0.9998
LAYING,0.99972683,0.9997
LAYING,0.99931455,0.9993
LAYING,0.9999428,0.9999
LAYING,0.9989975,0.999
LAYING,0.9992312,0.9993
LAYING,0.9996717,0.9997
LAYING,0.9989723,0.999
LAYING,0.99914765,0.9992
LAYING,0.99926394,0.9993
LAYING,0.9989485,0.999
LAYING,0.9993656,0.9994
LAYING,0.9995116,0.9995
LAYING,0.9997137,0.9997
LAYING,0.9997106,0.9997
LAYING,0.9995389,0.9996
LAYING,0.9992823,0.9993
LAYING,0.9993223,0.9994
LAYING,0.9992229,0.9993
LAYING,0.9993303,0.9994
LAYING,0.99902236,0.9991
LAYING,0.99783653,0.9979
WALKING,0.99964917,0.9997
WALKING,0.99981385,0.9998
WALKING,0.9997639,0.9998
WALKING,0.9996469,0.9997
WALKING,0.99955195,0.9996
WALKING,0.9996451,0.9997
WALKING,0.9995906,0.9996
WALKING,0.99976987,0.9998
WALKING,0.99983907,0.9998
WALKING,0.9996013,0.9996
WALKING,0.9992077,0.9992
WALKING,0.9995652,0.9996
WALKING,0.99876827,0.9988
WALKING,0.9949994,0.9952
WALKING,0.99929655,0.9993
WALKING,0.99946314,0.9995
WALKING,0.99935406,0.9994
WALKING,0.9998043,0.9998
WALKING,0.999838,0.9998
WALKING,0.9998647,0.9999
WALKING,0.99981326,0.9998
WALKING,0.99988735,0.9999
WALKING,0.999803,0.9998
WALKING,0.9997358,0.9997
WALKING,0.99971026,0.9997
WALKING,0.9997522,0.9998
WALKING,0.9998072,0.9998
WALKING,0.9995844,0.9996
WALKING,0.9937743,0.9941
WALKING,0.99959797,0.9996
WALKING_DOWNSTAIRS,0.99987864,0.9999
WALKING_DOWNSTAIRS,0.99950325,0.9995
WALKING_DOWNSTAIRS,0.9990495,0.9991
WALKING_DOWNSTAIRS,0.99968445,0.9997
WALKING_DOWNSTAIRS,0.99950147,0.9995
WALKING_DOWNSTAIRS,0.99967825,0.9997
WALKING_DOWNSTAIRS,0.9997578,0.9998
WALKING_DOWNSTAIRS,0.9997218,0.9997
WALKING_DOWNSTAIRS,0.9990087,0.9991
WALKING_DOWNSTAIRS,0.9939176,0.9942
WALKING_DOWNSTAIRS,0.99983287,0.9998
WALKING_DOWNSTAIRS,0.9980172,0.9981
WALKING_DOWNSTAIRS,0.99467814,0.9949
WALKING_DOWNSTAIRS,0.90247256,0.9073
WALKING_DOWNSTAIRS,0.9965378,0.9967
WALKING_DOWNSTAIRS,0.9997509,0.9998
WALKING_DOWNSTAIRS,0.9993125,0.9993
WALKING_DOWNSTAIRS,0.99975604,0.9998
WALKING_DOWNSTAIRS,0.9990325,0.9991
WALKING_UPSTAIRS,0.98434836,0.9851
WALKING_UPSTAIRS,0.9981115,0.9982
WALKING_UPSTAIRS,0.9979627,0.9981
WALKING_UPSTAIRS,0.9963709,0.9966
WALKING_UPSTAIRS,0.99898964,0.999
WALKING_UPSTAIRS,0.997486,0.9976
WALKING_UPSTAIRS,0.99738795,0.9975
WALKING_UPSTAIRS,0.999546,0.9996
WALKING_UPSTAIRS,0.9976144,0.9977
WALKING_UPSTAIRS,0.9988966,0.999
WALKING_UPSTAIRS,0.9976394,0.9978
WALKING_UPSTAIRS,0.8566135,0.8638
WALKING_UPSTAIRS,0.9902172,0.9907
WALKING_UPSTAIRS,0.9741441,0.9754
WALKING_UPSTAIRS,0.9802751,0.9813
WALKING_UPSTAIRS,0.9988426,0.9989
WALKING_UPSTAIRS,0.99894196,0.999
WALKING_UPSTAIRS,0.99306196,0.9934
WALKING_UPSTAIRS,0.9992022,0.9992
WALKING_UPSTAIRS,0.9975108,0.9976
WALKING_DOWNSTAIRS,0.9999758,1.0
WALKING_DOWNSTAIRS,0.99973327,0.9997
WALKING_DOWNSTAIRS,0.99269074,0.9931
WALKING_DOWNSTAIRS,0.99933964,0.9994
WALKING_DOWNSTAIRS,0.9989115,0.999
WALKING_DOWNSTAIRS,0.99950576,0.9995
WALKING_DOWNSTAIRS,0.99872226,0.9988
WALKING_DOWNSTAIRS,0.99946755,0.9995
WALKING_DOWNSTAIRS,0.99982566,0.9998
WALKING_UPSTAIRS,0.989031,0.9896
WALKING_UPSTAIRS,0.98825586,0.9888
WALKING_UPSTAIRS,0.96758825,0.9692
WALKING_UPSTAIRS,0.99667066,0.9968
WALKING_UPSTAIRS,0.9992034,0.9992
WALKING_UPSTAIRS,0.99840266,0.9985
WALKING_UPSTAIRS,0.99910706,0.9992
WALKING_UPSTAIRS,0.9967547,0.9969
WALKING_UPSTAIRS,0.9434848,0.9463
WALKING,0.8129697,0.8223
