sample_id,patient_id
0,P001
1,P001
2,P001
3,P001
4,P001
5,P001
6,P001
7,P001
8,P001
9,P001
10,P001
11,P001
12,P001
13,P001
14,P001
15,P001
16,P001
17,P001
18,P001
19,P001
20,P001
21,P001
22,P001
23,P001
24,P001
25,P001
26,P001
27,P001
28,P001
29,P001
30,P001
31,P001
32,P001
33,P001
34,P001
35,P001
36,P001
37,P001
38,P001
39,P001
40,P001
41,P001
42,P001
43,P001
44,P001
45,P001
46,P001
47,P001
48,P001
49,P001
50,P001
51,P001
52,P001
53,P001
54,P001
55,P001
56,P001
57,P001
58,P002
59,P002
60,P002
61,P002
62,P002
63,P002
64,P002
65,P002
66,P002
67,P002
68,P002
69,P002
70,P002
71,P002
72,P002
73,P002
74,P002
75,P002
76,P002
77,P002
78,P002
79,P002
80,P002
81,P002
82,P002
83,P002
84,P002
85,P002
86,P002
87,P002
88,P002
89,P002
90,P002
91,P002
92,P002
93,P002
94,P002
95,P002
96,P002
97,P002
98,P002
99,P002
100,P002
101,P002
102,P002
103,P002
104,P002
105,P002
106,P002
107,P002
108,P002
109,P002
110,P002
111,P002
112,P002
113,P002
114,P002
115,P002
116,P003
117,P003
118,P003
119,P003
120,P003
121,P003
122,P003
123,P003
124,P003
125,P003
126,P003
127,P003
128,P003
129,P003
130,P003
131,P003
132,P003
133,P003
134,P003
135,P003
136,P003
137,P003
138,P003
139,P003
140,P003
141,P003
142,P003
143,P003
144,P003
145,P003
146,P003
147,P003
148,P003
149,P003
150,P003
151,P003
152,P003
153,P003
154,P003
155,P003
156,P003
157,P003
158,P003
159,P003
160,P003
161,P003
162,P003
163,P003
164,P003
165,P003
166,P003
167,P003
168,P003
169,P003
170,P003
171,P003
172,P003
173,P003
174,P004
175,P004
176,P004
177,P004
178,P004
179,P004
180,P004
181,P004
182,P004
183,P004
184,P004
185,P004
186,P004
187,P004
188,P004
189,P004
190,P004
191,P004
192,P004
193,P004
194,P004
195,P004
196,P004
197,P004
198,P004
199,P004
200,P004
201,P004
202,P004
203,P004
204,P004
205,P004
206,P004
207,P004
208,P004
209,P004
210,P004
211,P004
212,P004
213,P004
214,P004
215,P004
216,P004
217,P004
218,P004
219,P004
220,P004
221,P004
222,P004
223,P004
224,P004
225,P004
226,P004
227,P004
228,P004
229,P004
230,P004
231,P004
232,P005
233,P005
234,P005
235,P005
236,P005
237,P005
238,P005
239,P005
240,P005
241,P005
242,P005
243,P005
244,P005
245,P005
246,P005
247,P005
248,P005
249,P005
250,P005
251,P005
252,P005
253,P005
254,P005
255,P005
256,P005
257,P005
258,P005
259,P005
260,P005
261,P005
262,P005
263,P005
264,P005
265,P005
266,P005
267,P005
268,P005
269,P005
270,P005
271,P005
272,P005
273,P005
274,P005
275,P005
276,P005
277,P005
278,P005
279,P005
280,P005
281,P005
282,P005
283,P005
284,P005
285,P005
286,P005
287,P005
288,P005
289,P005
290,P006
291,P006
292,P006
293,P006
294,P006
295,P006
296,P006
297,P006
298,P006
299,P006
300,P006
301,P006
302,P006
303,P006
304,P006
305,P006
306,P006
307,P006
308,P006
309,P006
310,P006
311,P006
312,P006
313,P006
314,P006
315,P006
316,P006
317,P006
318,P006
319,P006
320,P006
321,P006
322,P006
323,P006
324,P006
325,P006
326,P006
327,P006
328,P006
329,P006
330,P006
331,P006
332,P006
333,P006
334,P006
335,P006
336,P006
337,P006
338,P006
339,P006
340,P006
341,P006
342,P006
343,P006
344,P006
345,P006
346,P006
347,P006
348,P007
349,P007
350,P007
351,P007
352,P007
353,P007
354,P007
355,P007
356,P007
357,P007
358,P007
359,P007
360,P007
361,P007
362,P007
363,P007
364,P007
365,P007
366,P007
367,P007
368,P007
369,P007
370,P007
371,P007
372,P007
373,P007
374,P007
375,P007
376,P007
377,P007
378,P007
379,P007
380,P007
381,P007
382,P007
383,P007
384,P007
385,P007
386,P007
387,P007
388,P007
389,P007
390,P007
391,P007
392,P007
393,P007
394,P007
395,P007
396,P007
397,P007
398,P007
399,P007
400,P007
401,P007
402,P007
403,P007
404,P007
405,P007
406,P008
407,P008
408,P008
409,P008
410,P008
411,P008
412,P008
413,P008
414,P008
415,P008
416,P008
417,P008
418,P008
419,P008
420,P008
421,P008
422,P008
423,P008
424,P008
425,P008
426,P008
427,P008
428,P008
429,P008
430,P008
431,P008
432,P008
433,P008
434,P008
435,P008
436,P008
437,P008
438,P008
439,P008
440,P008
441,P008
442,P008
443,P008
444,P008
445,P008
446,P008
447,P008
448,P008
449,P008
450,P008
451,P008
452,P008
453,P008
454,P008
455,P008
456,P008
457,P008
458,P008
459,P008
460,P008
461,P008
462,P008
463,P008
464,P009
465,P009
466,P009
467,P009
468,P009
469,P009
470,P009
471,P009
472,P009
473,P009
474,P009
475,P009
476,P009
477,P009
478,P009
479,P009
480,P009
481,P009
482,P009
483,P009
484,P009
485,P009
486,P009
487,P009
488,P009
489,P009
490,P009
491,P009
492,P009
493,P009
494,P009
495,P009
496,P009
497,P009
498,P009
499,P009
500,P009
501,P009
502,P009
503,P009
504,P009
505,P009
506,P009
507,P009
508,P009
509,P009
510,P009
511,P009
512,P009
513,P009
514,P009
515,P009
516,P009
517,P009
518,P009
519,P009
520,P009
521,P009
522,P010
523,P010
524,P010
525,P010
526,P010
527,P010
528,P010
529,P010
530,P010
531,P010
532,P010
533,P010
534,P010
535,P010
536,P010
537,P010
538,P010
539,P010
540,P010
541,P010
542,P010
543,P010
544,P010
545,P010
546,P010
547,P010
548,P010
549,P010
550,P010
551,P010
552,P010
553,P010
554,P010
555,P010
556,P010
557,P010
558,P010
559,P010
560,P010
561,P010
562,P010
563,P010
564,P010
565,P010
566,P010
567,P010
568,P010
569,P010
570,P010
571,P010
572,P010
573,P010
574,P010
575,P010
576,P010
577,P010
578,P010
579,P010
580,P011
581,P011
582,P011
583,P011
584,P011
585,P011
586,P011
587,P011
588,P011
589,P011
590,P011
591,P011
592,P011
593,P011
594,P011
595,P011
596,P011
597,P011
598,P011
599,P011
600,P011
601,P011
602,P011
603,P011
604,P011
605,P011
606,P011
607,P011
608,P011
609,P011
610,P011
611,P011
612,P011
613,P011
614,P011
615,P011
616,P011
617,P011
618,P011
619,P011
620,P011
621,P011
622,P011
623,P011
624,P011
625,P011
626,P011
627,P011
628,P011
629,P011
630,P011
631,P011
632,P011
633,P011
634,P011
635,P011
636,P011
637,P011
638,P012
639,P012
640,P012
641,P012
642,P012
643,P012
644,P012
645,P012
646,P012
647,P012
648,P012
649,P012
650,P012
651,P012
652,P012
653,P012
654,P012
655,P012
656,P012
657,P012
658,P012
659,P012
660,P012
661,P012
662,P012
663,P012
664,P012
665,P012
666,P012
667,P012
668,P012
669,P012
670,P012
671,P012
672,P012
673,P012
674,P012
675,P012
676,P012
677,P012
678,P012
679,P012
680,P012
681,P012
682,P012
683,P012
684,P012
685,P012
686,P012
687,P012
688,P012
689,P012
690,P012
691,P012
692,P012
693,P012
694,P012
695,P012
696,P013
697,P013
698,P013
699,P013
700,P013
701,P013
702,P013
703,P013
704,P013
705,P013
706,P013
707,P013
708,P013
709,P013
710,P013
711,P013
712,P013
713,P013
714,P013
715,P013
716,P013
717,P013
718,P013
719,P013
720,P013
721,P013
722,P013
723,P013
724,P013
725,P013
726,P013
727,P013
728,P013
729,P013
730,P013
731,P013
732,P013
733,P013
734,P013
735,P013
736,P013
737,P013
738,P013
739,P013
740,P013
741,P013
742,P013
743,P013
744,P013
745,P013
746,P013
747,P013
748,P013
749,P013
750,P013
751,P013
752,P013
753,P013
754,P014
755,P014
756,P014
757,P014
758,P014
759,P014
760,P014
761,P014
762,P014
763,P014
764,P014
765,P014
766,P014
767,P014
768,P014
769,P014
770,P014
771,P014
772,P014
773,P014
774,P014
775,P014
776,P014
777,P014
778,P014
779,P014
780,P014
781,P014
782,P014
783,P014
784,P014
785,P014
786,P014
787,P014
788,P014
789,P014
790,P014
791,P014
792,P014
793,P014
794,P014
795,P014
796,P014
797,P014
798,P014
799,P014
800,P014
801,P014
802,P014
803,P014
804,P014
805,P014
806,P014
807,P014
808,P014
809,P014
810,P014
811,P014
812,P015
813,P015
814,P015
815,P015
816,P015
817,P015
818,P015
819,P015
820,P015
821,P015
822,P015
823,P015
824,P015
825,P015
826,P015
827,P015
828,P015
829,P015
830,P015
831,P015
832,P015
833,P015
834,P015
835,P015
836,P015
837,P015
838,P015
839,P015
840,P015
841,P015
842,P015
843,P015
844,P015
845,P015
846,P015
847,P015
848,P015
849,P015
850,P015
851,P015
852,P015
853,P015
854,P015
855,P015
856,P015
857,P015
858,P015
859,P015
860,P015
861,P015
862,P015
863,P015
864,P015
865,P015
866,P015
867,P015
868,P015
869,P015
870,P016
871,P016
872,P016
873,P016
874,P016
875,P016
876,P016
877,P016
878,P016
879,P016
880,P016
881,P016
882,P016
883,P016
884,P016
885,P016
886,P016
887,P016
888,P016
889,P016
890,P016
891,P016
892,P016
893,P016
894,P016
895,P016
896,P016
897,P016
898,P016
899,P016
900,P016
901,P016
902,P016
903,P016
904,P016
905,P016
906,P016
907,P016
908,P016
909,P016
910,P016
911,P016
912,P016
913,P016
914,P016
915,P016
916,P016
917,P016
918,P016
919,P016
920,P016
921,P016
922,P016
923,P016
924,P016
925,P016
926,P016
927,P016
928,P017
929,P017
930,P017
931,P017
932,P017
933,P017
934,P017
935,P017
936,P017
937,P017
938,P017
939,P017
940,P017
941,P017
942,P017
943,P017
944,P017
945,P017
946,P017
947,P017
948,P017
949,P017
950,P017
951,P017
952,P017
953,P017
954,P017
955,P017
956,P017
957,P017
958,P017
959,P017
960,P017
961,P017
962,P017
963,P017
964,P017
965,P017
966,P017
967,P017
968,P017
969,P017
970,P017
971,P017
972,P017
973,P017
974,P017
975,P017
976,P017
977,P017
978,P017
979,P017
980,P017
981,P017
982,P017
983,P017
984,P017
985,P017
986,P018
987,P018
988,P018
989,P018
990,P018
991,P018
992,P018
993,P018
994,P018
995,P018
996,P018
997,P018
998,P018
999,P018
1000,P018
1001,P018
1002,P018
1003,P018
1004,P018
1005,P018
1006,P018
1007,P018
1008,P018
1009,P018
1010,P018
1011,P018
1012,P018
1013,P018
1014,P018
1015,P018
1016,P018
1017,P018
1018,P018
1019,P018
1020,P018
1021,P018
1022,P018
1023,P018
1024,P018
1025,P018
1026,P018
1027,P018
1028,P018
1029,P018
1030,P018
1031,P018
1032,P018
1033,P018
1034,P018
1035,P018
1036,P018
1037,P018
1038,P018
1039,P018
1040,P018
1041,P018
1042,P018
1043,P018
1044,P019
1045,P019
1046,P019
1047,P019
1048,P019
1049,P019
1050,P019
1051,P019
1052,P019
1053,P019
1054,P019
1055,P019
1056,P019
1057,P019
1058,P019
1059,P019
1060,P019
1061,P019
1062,P019
1063,P019
1064,P019
1065,P019
1066,P019
1067,P019
1068,P019
1069,P019
1070,P019
1071,P019
1072,P019
1073,P019
1074,P019
1075,P019
1076,P019
1077,P019
1078,P019
1079,P019
1080,P019
1081,P019
1082,P019
1083,P019
1084,P019
1085,P019
1086,P019
1087,P019
1088,P019
1089,P019
1090,P019
1091,P019
1092,P019
1093,P019
1094,P019
1095,P019
1096,P019
1097,P019
1098,P019
1099,P019
1100,P019
1101,P019
1102,P020
1103,P020
1104,P020
1105,P020
1106,P020
1107,P020
1108,P020
1109,P020
1110,P020
1111,P020
1112,P020
1113,P020
1114,P020
1115,P020
1116,P020
1117,P020
1118,P020
1119,P020
1120,P020
1121,P020
1122,P020
1123,P020
1124,P020
1125,P020
1126,P020
1127,P020
1128,P020
1129,P020
1130,P020
1131,P020
1132,P020
1133,P020
1134,P020
1135,P020
1136,P020
1137,P020
1138,P020
1139,P020
1140,P020
1141,P020
1142,P020
1143,P020
1144,P020
1145,P020
1146,P020
1147,P020
1148,P020
1149,P020
1150,P020
1151,P020
1152,P020
1153,P020
1154,P020
1155,P020
1156,P020
1157,P020
1158,P020
1159,P020
1160,P021
1161,P021
1162,P021
1163,P021
1164,P021
1165,P021
1166,P021
1167,P021
1168,P021
1169,P021
1170,P021
1171,P021
1172,P021
1173,P021
1174,P021
1175,P021
1176,P021
1177,P021
1178,P021
1179,P021
1180,P021
1181,P021
1182,P021
1183,P021
1184,P021
1185,P021
1186,P021
1187,P021
1188,P021
1189,P021
1190,P021
1191,P021
1192,P021
1193,P021
1194,P021
1195,P021
1196,P021
1197,P021
1198,P021
1199,P021
1200,P021
1201,P021
1202,P021
1203,P021
1204,P021
1205,P021
1206,P021
1207,P021
1208,P021
1209,P021
1210,P021
1211,P021
1212,P021
1213,P021
1214,P021
1215,P021
1216,P021
1217,P021
1218,P022
1219,P022
1220,P022
1221,P022
1222,P022
1223,P022
1224,P022
1225,P022
1226,P022
1227,P022
1228,P022
1229,P022
1230,P022
1231,P022
1232,P022
1233,P022
1234,P022
1235,P022
1236,P022
1237,P022
1238,P022
1239,P022
1240,P022
1241,P022
1242,P022
1243,P022
1244,P022
1245,P022
1246,P022
1247,P022
1248,P022
1249,P022
1250,P022
1251,P022
1252,P022
1253,P022
1254,P022
1255,P022
1256,P022
1257,P022
1258,P022
1259,P022
1260,P022
1261,P022
1262,P022
1263,P022
1264,P022
1265,P022
1266,P022
1267,P022
1268,P022
1269,P022
1270,P022
1271,P022
1272,P022
1273,P022
1274,P022
1275,P022
1276,P023
1277,P023
1278,P023
1279,P023
1280,P023
1281,P023
1282,P023
1283,P023
1284,P023
1285,P023
1286,P023
1287,P023
1288,P023
1289,P023
1290,P023
1291,P023
1292,P023
1293,P023
1294,P023
1295,P023
1296,P023
1297,P023
1298,P023
1299,P023
1300,P023
1301,P023
1302,P023
1303,P023
1304,P023
1305,P023
1306,P023
1307,P023
1308,P023
1309,P023
1310,P023
1311,P023
1312,P023
1313,P023
1314,P023
1315,P023
1316,P023
1317,P023
1318,P023
1319,P023
1320,P023
1321,P023
1322,P023
1323,P023
1324,P023
1325,P023
1326,P023
1327,P023
1328,P023
1329,P023
1330,P023
1331,P023
1332,P023
1333,P023
1334,P024
1335,P024
1336,P024
1337,P024
1338,P024
1339,P024
1340,P024
1341,P024
1342,P024
1343,P024
1344,P024
1345,P024
1346,P024
1347,P024
1348,P024
1349,P024
1350,P024
1351,P024
1352,P024
1353,P024
1354,P024
1355,P024
1356,P024
1357,P024
1358,P024
1359,P024
1360,P024
1361,P024
1362,P024
1363,P024
1364,P024
1365,P024
1366,P024
1367,P024
1368,P024
1369,P024
1370,P024
1371,P024
1372,P024
1373,P024
1374,P024
1375,P024
1376,P024
1377,P024
1378,P024
1379,P024
1380,P024
1381,P024
1382,P024
1383,P024
1384,P024
1385,P024
1386,P024
1387,P024
1388,P024
1389,P024
1390,P024
1391,P024
1392,P025
1393,P025
1394,P025
1395,P025
1396,P025
1397,P025
1398,P025
1399,P025
1400,P025
1401,P025
1402,P025
1403,P025
1404,P025
1405,P025
1406,P025
1407,P025
1408,P025
1409,P025
1410,P025
1411,P025
1412,P025
1413,P025
1414,P025
1415,P025
1416,P025
1417,P025
1418,P025
1419,P025
1420,P025
1421,P025
1422,P025
1423,P025
1424,P025
1425,P025
1426,P025
1427,P025
1428,P025
1429,P025
1430,P025
1431,P025
1432,P025
1433,P025
1434,P025
1435,P025
1436,P025
1437,P025
1438,P025
1439,P025
1440,P025
1441,P025
1442,P025
1443,P025
1444,P025
1445,P025
1446,P025
1447,P025
1448,P025
1449,P025
1450,P026
1451,P026
1452,P026
1453,P026
1454,P026
1455,P026
1456,P026
1457,P026
1458,P026
1459,P026
1460,P026
1461,P026
1462,P026
1463,P026
1464,P026
1465,P026
1466,P026
1467,P026
1468,P026
1469,P026
1470,P026
1471,P026
1472,P026
1473,P026
1474,P026
1475,P026
1476,P026
1477,P026
1478,P026
1479,P026
1480,P026
1481,P026
1482,P026
1483,P026
1484,P026
1485,P026
1486,P026
1487,P026
1488,P026
1489,P026
1490,P026
1491,P026
1492,P026
1493,P026
1494,P026
1495,P026
1496,P026
1497,P026
1498,P026
1499,P026
1500,P026
1501,P026
1502,P026
1503,P026
1504,P026
1505,P026
1506,P026
1507,P026
1508,P027
1509,P027
1510,P027
1511,P027
1512,P027
1513,P027
1514,P027
1515,P027
1516,P027
1517,P027
1518,P027
1519,P027
1520,P027
1521,P027
1522,P027
1523,P027
1524,P027
1525,P027
1526,P027
1527,P027
1528,P027
1529,P027
1530,P027
1531,P027
1532,P027
1533,P027
1534,P027
1535,P027
1536,P027
1537,P027
1538,P027
1539,P027
1540,P027
1541,P027
1542,P027
1543,P027
1544,P027
1545,P027
1546,P027
1547,P027
1548,P027
1549,P027
1550,P027
1551,P027
1552,P027
1553,P027
1554,P027
1555,P027
1556,P027
1557,P027
1558,P027
1559,P027
1560,P027
1561,P027
1562,P027
1563,P027
1564,P027
1565,P027
1566,P028
1567,P028
1568,P028
1569,P028
1570,P028
1571,P028
1572,P028
1573,P028
1574,P028
1575,P028
1576,P028
1577,P028
1578,P028
1579,P028
1580,P028
1581,P028
1582,P028
1583,P028
1584,P028
1585,P028
1586,P028
1587,P028
1588,P028
1589,P028
1590,P028
1591,P028
1592,P028
1593,P028
1594,P028
1595,P028
1596,P028
1597,P028
1598,P028
1599,P028
1600,P028
1601,P028
1602,P028
1603,P028
1604,P028
1605,P028
1606,P028
1607,P028
1608,P028
1609,P028
1610,P028
1611,P028
1612,P028
1613,P028
1614,P028
1615,P028
1616,P028
1617,P028
1618,P028
1619,P028
1620,P028
1621,P028
1622,P028
1623,P028
1624,P029
1625,P029
1626,P029
1627,P029
1628,P029
1629,P029
1630,P029
1631,P029
1632,P029
1633,P029
1634,P029
1635,P029
1636,P029
1637,P029
1638,P029
1639,P029
1640,P029
1641,P029
1642,P029
1643,P029
1644,P029
1645,P029
1646,P029
1647,P029
1648,P029
1649,P029
1650,P029
1651,P029
1652,P029
1653,P029
1654,P029
1655,P029
1656,P029
1657,P029
1658,P029
1659,P029
1660,P029
1661,P029
1662,P029
1663,P029
1664,P029
1665,P029
1666,P029
1667,P029
1668,P029
1669,P029
1670,P029
1671,P029
1672,P029
1673,P029
1674,P029
1675,P029
1676,P029
1677,P029
1678,P029
1679,P029
1680,P029
1681,P029
1682,P030
1683,P030
1684,P030
1685,P030
1686,P030
1687,P030
1688,P030
1689,P030
1690,P030
1691,P030
1692,P030
1693,P030
1694,P030
1695,P030
1696,P030
1697,P030
1698,P030
1699,P030
1700,P030
1701,P030
1702,P030
1703,P030
1704,P030
1705,P030
1706,P030
1707,P030
1708,P030
1709,P030
1710,P030
1711,P030
1712,P030
1713,P030
1714,P030
1715,P030
1716,P030
1717,P030
1718,P030
1719,P030
1720,P030
1721,P030
1722,P030
1723,P030
1724,P030
1725,P030
1726,P030
1727,P030
1728,P030
1729,P030
1730,P030
1731,P030
1732,P030
1733,P030
1734,P030
1735,P030
1736,P030
1737,P030
1738,P030
1739,P030
1740,P031
1741,P031
1742,P031
1743,P031
1744,P031
1745,P031
1746,P031
1747,P031
1748,P031
1749,P031
1750,P031
1751,P031
1752,P031
1753,P031
1754,P031
1755,P031
1756,P031
1757,P031
1758,P031
1759,P031
1760,P031
1761,P031
1762,P031
1763,P031
1764,P031
1765,P031
1766,P031
1767,P031
1768,P031
1769,P031
1770,P031
1771,P031
1772,P031
1773,P031
1774,P031
1775,P031
1776,P031
1777,P031
1778,P031
1779,P031
1780,P031
1781,P031
1782,P031
1783,P031
1784,P031
1785,P031
1786,P031
1787,P031
1788,P031
1789,P031
1790,P031
1791,P031
1792,P031
1793,P031
1794,P031
1795,P031
1796,P031
1797,P031
1798,P032
1799,P032
1800,P032
1801,P032
1802,P032
1803,P032
1804,P032
1805,P032
1806,P032
1807,P032
1808,P032
1809,P032
1810,P032
1811,P032
1812,P032
1813,P032
1814,P032
1815,P032
1816,P032
1817,P032
1818,P032
1819,P032
1820,P032
1821,P032
1822,P032
1823,P032
1824,P032
1825,P032
1826,P032
1827,P032
1828,P032
1829,P032
1830,P032
1831,P032
1832,P032
1833,P032
1834,P032
1835,P032
1836,P032
1837,P032
1838,P032
1839,P032
1840,P032
1841,P032
1842,P032
1843,P032
1844,P032
1845,P032
1846,P032
1847,P032
1848,P032
1849,P032
1850,P032
1851,P032
1852,P032
1853,P032
1854,P032
1855,P032
1856,P033
1857,P033
1858,P033
1859,P033
1860,P033
1861,P033
1862,P033
1863,P033
1864,P033
1865,P033
1866,P033
1867,P033
1868,P033
1869,P033
1870,P033
1871,P033
1872,P033
1873,P033
1874,P033
1875,P033
1876,P033
1877,P033
1878,P033
1879,P033
1880,P033
1881,P033
1882,P033
1883,P033
1884,P033
1885,P033
1886,P033
1887,P033
1888,P033
1889,P033
1890,P033
1891,P033
1892,P033
1893,P033
1894,P033
1895,P033
1896,P033
1897,P033
1898,P033
1899,P033
1900,P033
1901,P033
1902,P033
1903,P033
1904,P033
1905,P033
1906,P033
1907,P033
1908,P033
1909,P033
1910,P033
1911,P033
1912,P033
1913,P033
1914,P034
1915,P034
1916,P034
1917,P034
1918,P034
1919,P034
1920,P034
1921,P034
1922,P034
1923,P034
1924,P034
1925,P034
1926,P034
1927,P034
1928,P034
1929,P034
1930,P034
1931,P034
1932,P034
1933,P034
1934,P034
1935,P034
1936,P034
1937,P034
1938,P034
1939,P034
1940,P034
1941,P034
1942,P034
1943,P034
1944,P034
1945,P034
1946,P034
1947,P034
1948,P034
1949,P034
1950,P034
1951,P034
1952,P034
1953,P034
1954,P034
1955,P034
1956,P034
1957,P034
1958,P034
1959,P034
1960,P034
1961,P034
1962,P034
1963,P034
1964,P034
1965,P034
1966,P034
1967,P034
1968,P034
1969,P034
1970,P034
1971,P034
1972,P035
1973,P035
1974,P035
1975,P035
1976,P035
1977,P035
1978,P035
1979,P035
1980,P035
1981,P035
1982,P035
1983,P035
1984,P035
1985,P035
1986,P035
1987,P035
1988,P035
1989,P035
1990,P035
1991,P035
1992,P035
1993,P035
1994,P035
1995,P035
1996,P035
1997,P035
1998,P035
1999,P035
2000,P035
2001,P035
2002,P035
2003,P035
2004,P035
2005,P035
2006,P035
2007,P035
2008,P035
2009,P035
2010,P035
2011,P035
2012,P035
2013,P035
2014,P035
2015,P035
2016,P035
2017,P035
2018,P035
2019,P035
2020,P035
2021,P035
2022,P035
2023,P035
2024,P035
2025,P035
2026,P035
2027,P035
2028,P035
2029,P035
2030,P036
2031,P036
2032,P036
2033,P036
2034,P036
2035,P036
2036,P036
2037,P036
2038,P036
2039,P036
2040,P036
2041,P036
2042,P036
2043,P036
2044,P036
2045,P036
2046,P036
2047,P036
2048,P036
2049,P036
2050,P036
2051,P036
2052,P036
2053,P036
2054,P036
2055,P036
2056,P036
2057,P036
2058,P036
2059,P036
2060,P036
2061,P036
2062,P036
2063,P036
2064,P036
2065,P036
2066,P036
2067,P036
2068,P036
2069,P036
2070,P036
2071,P036
2072,P036
2073,P036
2074,P036
2075,P036
2076,P036
2077,P036
2078,P036
2079,P036
2080,P036
2081,P036
2082,P036
2083,P036
2084,P036
2085,P036
2086,P036
2087,P036
2088,P037
2089,P037
2090,P037
2091,P037
2092,P037
2093,P037
2094,P037
2095,P037
2096,P037
2097,P037
2098,P037
2099,P037
2100,P037
2101,P037
2102,P037
2103,P037
2104,P037
2105,P037
2106,P037
2107,P037
2108,P037
2109,P037
2110,P037
2111,P037
2112,P037
2113,P037
2114,P037
2115,P037
2116,P037
2117,P037
2118,P037
2119,P037
2120,P037
2121,P037
2122,P037
2123,P037
2124,P037
2125,P037
2126,P037
2127,P037
2128,P037
2129,P037
2130,P037
2131,P037
2132,P037
2133,P037
2134,P037
2135,P037
2136,P037
2137,P037
2138,P037
2139,P037
2140,P037
2141,P037
2142,P037
2143,P037
2144,P037
2145,P037
2146,P038
2147,P038
2148,P038
2149,P038
2150,P038
2151,P038
2152,P038
2153,P038
2154,P038
2155,P038
2156,P038
2157,P038
2158,P038
2159,P038
2160,P038
2161,P038
2162,P038
2163,P038
2164,P038
2165,P038
2166,P038
2167,P038
2168,P038
2169,P038
2170,P038
2171,P038
2172,P038
2173,P038
2174,P038
2175,P038
2176,P038
2177,P038
2178,P038
2179,P038
2180,P038
2181,P038
2182,P038
2183,P038
2184,P038
2185,P038
2186,P038
2187,P038
2188,P038
2189,P038
2190,P038
2191,P038
2192,P038
2193,P038
2194,P038
2195,P038
2196,P038
2197,P038
2198,P038
2199,P038
2200,P038
2201,P038
2202,P038
2203,P038
2204,P039
2205,P039
2206,P039
2207,P039
2208,P039
2209,P039
2210,P039
2211,P039
2212,P039
2213,P039
2214,P039
2215,P039
2216,P039
2217,P039
2218,P039
2219,P039
2220,P039
2221,P039
2222,P039
2223,P039
2224,P039
2225,P039
2226,P039
2227,P039
2228,P039
2229,P039
2230,P039
2231,P039
2232,P039
2233,P039
2234,P039
2235,P039
2236,P039
2237,P039
2238,P039
2239,P039
2240,P039
2241,P039
2242,P039
2243,P039
2244,P039
2245,P039
2246,P039
2247,P039
2248,P039
2249,P039
2250,P039
2251,P039
2252,P039
2253,P039
2254,P039
2255,P039
2256,P039
2257,P039
2258,P039
2259,P039
2260,P039
2261,P039
2262,P040
2263,P040
2264,P040
2265,P040
2266,P040
2267,P040
2268,P040
2269,P040
2270,P040
2271,P040
2272,P040
2273,P040
2274,P040
2275,P040
2276,P040
2277,P040
2278,P040
2279,P040
2280,P040
2281,P040
2282,P040
2283,P040
2284,P040
2285,P040
2286,P040
2287,P040
2288,P040
2289,P040
2290,P040
2291,P040
2292,P040
2293,P040
2294,P040
2295,P040
2296,P040
2297,P040
2298,P040
2299,P040
2300,P040
2301,P040
2302,P040
2303,P040
2304,P040
2305,P040
2306,P040
2307,P040
2308,P040
2309,P040
2310,P040
2311,P040
2312,P040
2313,P040
2314,P040
2315,P040
2316,P040
2317,P040
2318,P040
2319,P040
2320,P041
2321,P041
2322,P041
2323,P041
2324,P041
2325,P041
2326,P041
2327,P041
2328,P041
2329,P041
2330,P041
2331,P041
2332,P041
2333,P041
2334,P041
2335,P041
2336,P041
2337,P041
2338,P041
2339,P041
2340,P041
2341,P041
2342,P041
2343,P041
2344,P041
2345,P041
2346,P041
2347,P041
2348,P041
2349,P041
2350,P041
2351,P041
2352,P041
2353,P041
2354,P041
2355,P041
2356,P041
2357,P041
2358,P041
2359,P041
2360,P041
2361,P041
2362,P041
2363,P041
2364,P041
2365,P041
2366,P041
2367,P041
2368,P041
2369,P041
2370,P041
2371,P041
2372,P041
2373,P041
2374,P041
2375,P041
2376,P041
2377,P041
2378,P042
2379,P042
2380,P042
2381,P042
2382,P042
2383,P042
2384,P042
2385,P042
2386,P042
2387,P042
2388,P042
2389,P042
2390,P042
2391,P042
2392,P042
2393,P042
2394,P042
2395,P042
2396,P042
2397,P042
2398,P042
2399,P042
2400,P042
2401,P042
2402,P042
2403,P042
2404,P042
2405,P042
2406,P042
2407,P042
2408,P042
2409,P042
2410,P042
2411,P042
2412,P042
2413,P042
2414,P042
2415,P042
2416,P042
2417,P042
2418,P042
2419,P042
2420,P042
2421,P042
2422,P042
2423,P042
2424,P042
2425,P042
2426,P042
2427,P042
2428,P042
2429,P042
2430,P042
2431,P042
2432,P042
2433,P042
2434,P042
2435,P042
2436,P043
2437,P043
2438,P043
2439,P043
2440,P043
2441,P043
2442,P043
2443,P043
2444,P043
2445,P043
2446,P043
2447,P043
2448,P043
2449,P043
2450,P043
2451,P043
2452,P043
2453,P043
2454,P043
2455,P043
2456,P043
2457,P043
2458,P043
2459,P043
2460,P043
2461,P043
2462,P043
2463,P043
2464,P043
2465,P043
2466,P043
2467,P043
2468,P043
2469,P043
2470,P043
2471,P043
2472,P043
2473,P043
2474,P043
2475,P043
2476,P043
2477,P043
2478,P043
2479,P043
2480,P043
2481,P043
2482,P043
2483,P043
2484,P043
2485,P043
2486,P043
2487,P043
2488,P043
2489,P043
2490,P043
2491,P043
2492,P043
2493,P043
2494,P044
2495,P044
2496,P044
2497,P044
2498,P044
2499,P044
2500,P044
2501,P044
2502,P044
2503,P044
2504,P044
2505,P044
2506,P044
2507,P044
2508,P044
2509,P044
2510,P044
2511,P044
2512,P044
2513,P044
2514,P044
2515,P044
2516,P044
2517,P044
2518,P044
2519,P044
2520,P044
2521,P044
2522,P044
2523,P044
2524,P044
2525,P044
2526,P044
2527,P044
2528,P044
2529,P044
2530,P044
2531,P044
2532,P044
2533,P044
2534,P044
2535,P044
2536,P044
2537,P044
2538,P044
2539,P044
2540,P044
2541,P044
2542,P044
2543,P044
2544,P044
2545,P044
2546,P044
2547,P044
2548,P044
2549,P044
2550,P044
2551,P044
2552,P045
2553,P045
2554,P045
2555,P045
2556,P045
2557,P045
2558,P045
2559,P045
2560,P045
2561,P045
2562,P045
2563,P045
2564,P045
2565,P045
2566,P045
2567,P045
2568,P045
2569,P045
2570,P045
2571,P045
2572,P045
2573,P045
2574,P045
2575,P045
2576,P045
2577,P045
2578,P045
2579,P045
2580,P045
2581,P045
2582,P045
2583,P045
2584,P045
2585,P045
2586,P045
2587,P045
2588,P045
2589,P045
2590,P045
2591,P045
2592,P045
2593,P045
2594,P045
2595,P045
2596,P045
2597,P045
2598,P045
2599,P045
2600,P045
2601,P045
2602,P045
2603,P045
2604,P045
2605,P045
2606,P045
2607,P045
2608,P045
2609,P045
2610,P046
2611,P046
2612,P046
2613,P046
2614,P046
2615,P046
2616,P046
2617,P046
2618,P046
2619,P046
2620,P046
2621,P046
2622,P046
2623,P046
2624,P046
2625,P046
2626,P046
2627,P046
2628,P046
2629,P046
2630,P046
2631,P046
2632,P046
2633,P046
2634,P046
2635,P046
2636,P046
2637,P046
2638,P046
2639,P046
2640,P046
2641,P046
2642,P046
2643,P046
2644,P046
2645,P046
2646,P046
2647,P046
2648,P046
2649,P046
2650,P046
2651,P046
2652,P046
2653,P046
2654,P046
2655,P046
2656,P046
2657,P046
2658,P046
2659,P046
2660,P046
2661,P046
2662,P046
2663,P046
2664,P046
2665,P046
2666,P046
2667,P046
2668,P047
2669,P047
2670,P047
2671,P047
2672,P047
2673,P047
2674,P047
2675,P047
2676,P047
2677,P047
2678,P047
2679,P047
2680,P047
2681,P047
2682,P047
2683,P047
2684,P047
2685,P047
2686,P047
2687,P047
2688,P047
2689,P047
2690,P047
2691,P047
2692,P047
2693,P047
2694,P047
2695,P047
2696,P047
2697,P047
2698,P047
2699,P047
2700,P047
2701,P047
2702,P047
2703,P047
2704,P047
2705,P047
2706,P047
2707,P047
2708,P047
2709,P047
2710,P047
2711,P047
2712,P047
2713,P047
2714,P047
2715,P047
2716,P047
2717,P047
2718,P047
2719,P047
2720,P047
2721,P047
2722,P047
2723,P047
2724,P047
2725,P047
2726,P048
2727,P048
2728,P048
2729,P048
2730,P048
2731,P048
2732,P048
2733,P048
2734,P048
2735,P048
2736,P048
2737,P048
2738,P048
2739,P048
2740,P048
2741,P048
2742,P048
2743,P048
2744,P048
2745,P048
2746,P048
2747,P048
2748,P048
2749,P048
2750,P048
2751,P048
2752,P048
2753,P048
2754,P048
2755,P048
2756,P048
2757,P048
2758,P048
2759,P048
2760,P048
2761,P048
2762,P048
2763,P048
2764,P048
2765,P048
2766,P048
2767,P048
2768,P048
2769,P048
2770,P048
2771,P048
2772,P048
2773,P048
2774,P048
2775,P048
2776,P048
2777,P048
2778,P048
2779,P048
2780,P048
2781,P048
2782,P048
2783,P048
2784,P049
2785,P049
2786,P049
2787,P049
2788,P049
2789,P049
2790,P049
2791,P049
2792,P049
2793,P049
2794,P049
2795,P049
2796,P049
2797,P049
2798,P049
2799,P049
2800,P049
2801,P049
2802,P049
2803,P049
2804,P049
2805,P049
2806,P049
2807,P049
2808,P049
2809,P049
2810,P049
2811,P049
2812,P049
2813,P049
2814,P049
2815,P049
2816,P049
2817,P049
2818,P049
2819,P049
2820,P049
2821,P049
2822,P049
2823,P049
2824,P049
2825,P049
2826,P049
2827,P049
2828,P049
2829,P049
2830,P049
2831,P049
2832,P049
2833,P049
2834,P049
2835,P049
2836,P049
2837,P049
2838,P049
2839,P049
2840,P049
2841,P049
2842,P050
2843,P050
2844,P050
2845,P050
2846,P050
2847,P050
2848,P050
2849,P050
2850,P050
2851,P050
2852,P050
2853,P050
2854,P050
2855,P050
2856,P050
2857,P050
2858,P050
2859,P050
2860,P050
2861,P050
2862,P050
2863,P050
2864,P050
2865,P050
2866,P050
2867,P050
2868,P050
2869,P050
2870,P050
2871,P050
2872,P050
2873,P050
2874,P050
2875,P050
2876,P050
2877,P050
2878,P050
2879,P050
2880,P050
2881,P050
2882,P050
2883,P050
2884,P050
2885,P050
2886,P050
2887,P050
2888,P050
2889,P050
2890,P050
2891,P050
2892,P050
2893,P050
2894,P050
2895,P050
2896,P050
2897,P050
2898,P050
2899,P050
2900,P050
2901,P050
2902,P050
2903,P050
2904,P050
2905,P050
2906,P050
2907,P050
2908,P050
2909,P050
2910,P050
2911,P050
2912,P050
2913,P050
2914,P050
2915,P050
2916,P050
2917,P050
2918,P050
2919,P050
2920,P050
2921,P050
2922,P050
2923,P050
2924,P050
2925,P050
2926,P050
2927,P050
2928,P050
2929,P050
2930,P050
2931,P050
2932,P050
2933,P050
2934,P050
2935,P050
2936,P050
2937,P050
2938,P050
2939,P050
2940,P050
2941,P050
2942,P050
2943,P050
2944,P050
2945,P050
2946,P050
